timestamp,source_ip,destination_ip,destination_port,bytes_sent,bytes_received,duration_seconds,label
2026-06-09 21:33:46,10.0.0.30,8.8.8.8,53,7713,12216,0.84,normal
2026-06-09 21:39:46,10.0.0.48,192.168.1.135,80,8207,21430,17.07,normal
2026-06-09 21:39:46,10.0.0.26,192.168.1.165,22,10419,9846,0.22,normal
2026-06-09 21:42:46,10.0.0.22,8.8.8.4,53,1877,236572,4.85,normal
2026-06-09 21:52:46,10.0.0.21,192.168.1.4,80,6726,46702,12.9,normal
2026-06-09 21:55:46,10.0.0.41,192.168.1.244,22,3033,54038,10.59,normal
2026-06-09 21:56:46,10.0.0.50,192.168.1.108,443,36173,25069,1.5,normal
2026-06-09 22:00:46,10.0.0.18,192.168.1.251,22,8963,24999,2.26,normal
2026-06-09 22:17:46,10.0.0.44,192.168.1.40,80,8993,10398,1.25,normal
2026-06-09 22:18:46,10.0.0.43,8.8.8.7,22,7321,71201,4.44,normal
2026-06-09 22:29:46,10.0.0.45,192.168.1.162,443,6038,7014,1.52,normal
2026-06-09 22:31:46,10.0.0.20,8.8.8.2,22,31296,11286,4.36,normal
2026-06-09 22:31:46,10.0.0.22,192.168.1.222,22,10279,193216,1.38,normal
2026-06-09 22:36:46,10.0.0.44,8.8.8.7,443,18501,65287,3.19,normal
2026-06-09 22:47:46,10.0.0.10,192.168.1.204,80,1655,215837,0.31,normal
2026-06-09 22:50:46,10.0.0.15,192.168.1.4,53,315,1324,2.14,normal
2026-06-09 23:04:46,10.0.0.31,192.168.1.186,443,6043,6108,13.09,normal
2026-06-09 23:10:46,10.0.0.31,8.8.8.6,22,3269,8592,5.33,normal
2026-06-09 23:33:46,10.0.0.37,192.168.1.123,443,8739,50119,2.35,normal
2026-06-09 23:41:46,10.0.0.16,192.168.1.238,22,13173,199053,1.61,normal
2026-06-09 23:50:46,10.0.0.33,8.8.8.2,22,5037,40401,0.64,normal
2026-06-09 23:56:46,10.0.0.29,192.168.1.187,22,20112,85033,17.55,normal
2026-06-10 00:10:46,10.0.0.39,192.168.1.192,22,18679,71669,7.47,normal
2026-06-10 00:34:46,10.0.0.36,192.168.1.169,53,423,66766,1.02,normal
2026-06-10 00:35:46,10.0.0.11,192.168.1.107,80,15793,43189,1.79,normal
2026-06-10 00:41:46,10.0.0.43,192.168.1.80,22,670,41410,3.23,normal
2026-06-10 00:49:46,10.0.0.35,192.168.1.49,443,6761,25789,5.02,normal
2026-06-10 00:54:46,10.0.0.33,192.168.1.12,53,2636,27952,0.68,normal
2026-06-10 01:01:46,10.0.0.42,8.8.8.8,53,2433,47306,1.39,normal
2026-06-10 01:02:46,10.0.0.31,192.168.1.250,443,12395,5751,3.82,normal
2026-06-10 01:05:46,10.0.0.13,8.8.8.4,22,15358,25354,3.71,normal
2026-06-10 01:17:46,10.0.0.13,192.168.1.47,443,25544,4732,4.66,normal
2026-06-10 01:18:46,10.0.0.27,192.168.1.250,80,205,131876,2.41,normal
2026-06-10 01:19:46,10.0.0.15,192.168.1.236,22,10742,19766,1.59,normal
2026-06-10 01:28:46,10.0.0.15,8.8.8.2,443,3119,11591,2.63,normal
2026-06-10 01:50:46,10.0.0.47,192.168.1.15,53,3017,16864,3.43,normal
2026-06-10 01:53:46,10.0.0.19,8.8.8.2,80,15858,4980,2.3,normal
2026-06-10 01:55:46,10.0.0.35,192.168.1.252,80,6815,32172,0.61,normal
2026-06-10 02:01:46,10.0.0.27,192.168.1.239,22,1697,7573,0.79,normal
2026-06-10 02:02:46,10.0.0.43,192.168.1.233,22,7913,164629,23.84,normal
2026-06-10 02:09:46,10.0.0.29,192.168.1.150,53,23084,6272,1.81,normal
2026-06-10 02:27:46,10.0.0.39,192.168.1.129,53,15480,11342,0.37,normal
2026-06-10 02:45:46,10.0.0.43,192.168.1.198,443,5408,16069,3.26,normal
2026-06-10 02:45:46,10.0.0.23,192.168.1.187,443,2894,3328,1.68,normal
2026-06-10 02:48:46,10.0.0.29,8.8.8.4,80,4404,112360,1.76,normal
2026-06-10 02:57:46,10.0.0.44,192.168.1.224,80,1787,8845,1.61,normal
2026-06-10 02:59:46,10.0.0.30,192.168.1.90,22,6606,54399,0.25,normal
2026-06-10 03:12:46,10.0.0.46,192.168.1.220,80,1399,56477,5.13,normal
2026-06-10 03:12:46,10.0.0.22,192.168.1.247,53,9715,52619,1.32,normal
2026-06-10 03:16:46,10.0.0.34,192.168.1.109,80,22407,3324,9.49,normal
2026-06-10 03:30:46,10.0.0.23,192.168.1.100,443,4541,32079,1.57,normal
2026-06-10 03:31:46,10.0.0.30,8.8.8.2,443,7237,18314,6.02,normal
2026-06-10 03:36:46,10.0.0.12,192.168.1.133,80,17343,22429,0.29,normal
2026-06-10 03:39:46,10.0.0.13,8.8.8.1,22,2185,2186,1.05,normal
2026-06-10 03:40:46,10.0.0.34,192.168.1.74,443,252,19536,2.47,normal
2026-06-10 03:48:46,10.0.0.47,8.8.8.8,53,11710,23564,6.21,normal
2026-06-10 03:56:46,10.0.0.29,192.168.1.129,80,16173,11266,5.95,normal
2026-06-10 04:03:46,10.0.0.10,192.168.1.135,53,99,151732,16.88,normal
2026-06-10 04:17:46,10.0.0.22,192.168.1.141,443,21217,102334,10.61,normal
2026-06-10 04:22:46,10.0.0.42,8.8.8.5,80,39356,3594,2.93,normal
2026-06-10 04:31:46,10.0.0.24,192.168.1.39,53,10725,9866,7.59,normal
2026-06-10 04:33:46,10.0.0.10,8.8.8.6,22,24088,55412,0.59,normal
2026-06-10 04:44:46,10.0.0.11,192.168.1.58,80,243,9160,0.54,normal
2026-06-10 04:56:46,10.0.0.45,8.8.8.5,443,4087,59246,9.13,normal
2026-06-10 05:39:46,10.0.0.36,8.8.8.6,443,3492,47418,2.93,normal
2026-06-10 06:02:46,10.0.0.49,192.168.1.252,22,26166,33975,0.9,normal
2026-06-10 06:04:46,10.0.0.23,192.168.1.190,53,13858,19205,0.38,normal
2026-06-10 06:11:46,10.0.0.46,192.168.1.76,22,5316,83368,3.64,normal
2026-06-10 06:13:46,10.0.0.43,192.168.1.7,443,1583,688,3.92,normal
2026-06-10 06:19:46,10.0.0.28,192.168.1.92,443,9229,68149,15.13,normal
2026-06-10 06:20:46,10.0.0.27,192.168.1.47,80,1300,52478,0.73,normal
2026-06-10 06:24:46,10.0.0.49,192.168.1.6,22,985,58180,16.73,normal
2026-06-10 06:27:46,10.0.0.43,192.168.1.39,22,25624,61519,6.06,normal
2026-06-10 06:28:46,10.0.0.41,192.168.1.240,53,8374,58479,1.87,normal
2026-06-10 06:34:46,10.0.0.26,192.168.1.158,22,14916,46155,2.95,normal
2026-06-10 06:35:46,10.0.0.34,8.8.8.2,53,1352,30192,0.3,normal
2026-06-10 06:48:46,10.0.0.32,192.168.1.105,22,1776,106477,7.09,normal
2026-06-10 07:01:46,10.0.0.37,192.168.1.237,53,4017,6478,1.29,normal
2026-06-10 07:33:46,10.0.0.48,192.168.1.151,443,15185,51465,11.01,normal
2026-06-10 07:37:46,10.0.0.39,8.8.8.3,22,10843,16520,6.37,normal
2026-06-10 07:38:46,10.0.0.40,8.8.8.4,80,5526,16305,11.65,normal
2026-06-10 07:50:46,10.0.0.35,192.168.1.44,22,5172,31095,4.48,normal
2026-06-10 07:52:46,10.0.0.40,192.168.1.155,80,11644,3709,2.07,normal
2026-06-10 07:59:46,10.0.0.46,192.168.1.24,22,5544,21372,6.2,normal
2026-06-10 08:06:46,10.0.0.38,192.168.1.79,80,12365,3586,1.89,normal
2026-06-10 08:09:46,10.0.0.25,8.8.8.8,80,21468,31496,9.75,normal
2026-06-10 08:17:46,10.0.0.47,192.168.1.192,80,5094,59548,2.38,normal
2026-06-10 08:30:46,10.0.0.49,192.168.1.78,53,1471,99130,8.74,normal
2026-06-10 08:48:46,10.0.0.20,8.8.8.5,22,843,16158,5.79,normal
2026-06-10 09:08:46,10.0.0.31,8.8.8.5,443,5518,50654,5.24,normal
2026-06-10 09:24:46,10.0.0.28,192.168.1.221,443,726,33529,7.6,normal
2026-06-10 09:27:46,10.0.0.36,192.168.1.161,22,88,14272,9.24,normal
2026-06-10 09:30:46,10.0.0.44,192.168.1.82,443,4826,99610,3.21,normal
2026-06-10 09:42:46,10.0.0.50,192.168.1.149,80,18509,91209,17.62,normal
2026-06-10 09:43:46,10.0.0.23,192.168.1.148,53,11828,11649,0.87,normal
2026-06-10 09:46:46,10.0.0.21,8.8.8.7,80,2826,15783,3.9,normal
2026-06-10 10:11:46,10.0.0.30,8.8.8.4,22,387,4191,2.26,normal
2026-06-10 10:14:46,10.0.0.17,192.168.1.187,53,1522,115238,0.16,normal
2026-06-10 10:18:46,10.0.0.12,192.168.1.166,443,1714,44222,14.81,normal
2026-06-10 10:27:46,10.0.0.21,8.8.8.2,80,425,47124,1.78,normal
2026-06-10 10:34:46,10.0.0.41,192.168.1.55,443,11034,8978,5.22,normal
2026-06-10 10:46:46,10.0.0.44,8.8.8.1,22,12877,53561,3.22,normal
2026-06-10 10:48:46,10.0.0.27,192.168.1.159,53,1881,75950,6.28,normal
2026-06-10 10:52:46,10.0.0.10,8.8.8.3,53,5680,7792,1.01,normal
2026-06-10 11:01:46,10.0.0.45,192.168.1.176,443,683,75979,0.92,normal
2026-06-10 11:01:46,10.0.0.20,192.168.1.136,22,5045,44757,7.12,normal
2026-06-10 11:11:46,10.0.0.13,192.168.1.84,22,11914,15982,8.13,normal
2026-06-10 11:14:46,10.0.0.14,192.168.1.195,80,2054,23276,8.59,normal
2026-06-10 11:14:46,10.0.0.17,8.8.8.8,22,8986,1648,1.79,normal
2026-06-10 11:14:46,10.0.0.26,192.168.1.163,443,14817,34647,4.26,normal
2026-06-10 11:23:46,10.0.0.17,8.8.8.1,53,4732,144622,0.39,normal
2026-06-10 11:32:46,10.0.0.32,192.168.1.218,443,2480,56731,10.71,normal
2026-06-10 11:37:46,10.0.0.49,192.168.1.96,53,8865,49112,3.08,normal
2026-06-10 11:42:46,10.0.0.26,192.168.1.45,80,9368,13080,15.5,normal
2026-06-10 11:47:46,10.0.0.33,8.8.8.7,22,1258,21273,4.9,normal
2026-06-10 11:48:46,10.0.0.12,8.8.8.8,22,16876,57880,10.77,normal
2026-06-10 11:51:46,10.0.0.50,192.168.1.212,443,8401,18854,7.76,normal
2026-06-10 11:52:46,10.0.0.45,192.168.1.128,80,1335,30981,0.56,normal
2026-06-10 12:23:46,10.0.0.40,192.168.1.246,53,4653,31144,4.92,normal
2026-06-10 12:25:46,10.0.0.35,192.168.1.229,443,2304,56055,6.2,normal
2026-06-10 12:41:46,10.0.0.39,8.8.8.3,443,16080,17423,17.39,normal
2026-06-10 12:43:46,10.0.0.29,192.168.1.97,53,22079,23318,22.86,normal
2026-06-10 12:55:46,10.0.0.41,192.168.1.187,22,1377,65727,16.87,normal
2026-06-10 13:05:46,10.0.0.35,192.168.1.235,22,896,151399,5.69,normal
2026-06-10 13:08:46,10.0.0.49,8.8.8.4,22,257,175277,6.26,normal
2026-06-10 13:10:46,10.0.0.14,8.8.8.7,22,9750,21822,5.37,normal
2026-06-10 13:11:46,10.0.0.35,192.168.1.15,53,7034,2990,1.89,normal
2026-06-10 13:46:46,10.0.0.47,192.168.1.156,53,479,67435,2.85,normal
2026-06-10 13:49:46,10.0.0.33,192.168.1.45,22,7961,13294,4.77,normal
2026-06-10 13:52:46,10.0.0.46,192.168.1.143,53,1977,58659,15.91,normal
2026-06-10 14:16:46,10.0.0.33,192.168.1.238,22,24395,11928,4.59,normal
2026-06-10 14:23:46,10.0.0.47,192.168.1.211,80,1054,48989,5.61,normal
2026-06-10 14:25:46,10.0.0.30,192.168.1.127,53,933,46777,2.85,normal
2026-06-10 14:42:46,10.0.0.31,8.8.8.6,53,12372,90804,10.2,normal
2026-06-10 14:45:46,10.0.0.28,8.8.8.3,53,13425,21889,15.78,normal
2026-06-10 14:46:46,10.0.0.26,192.168.1.233,443,877,4577,1.7,normal
2026-06-10 14:47:46,10.0.0.22,192.168.1.190,80,11181,50121,5.23,normal
2026-06-10 14:52:46,10.0.0.14,192.168.1.108,22,19839,146145,1.1,normal
2026-06-10 15:06:46,10.0.0.25,192.168.1.240,53,1226,82674,2.24,normal
2026-06-10 15:15:46,10.0.0.24,8.8.8.5,53,648,6011,2.39,normal
2026-06-10 15:38:46,10.0.0.14,8.8.8.4,53,6891,58402,6.61,normal
2026-06-10 15:39:46,10.0.0.16,192.168.1.73,443,12128,65024,9.81,normal
2026-06-10 15:45:46,10.0.0.40,192.168.1.196,80,3850,35486,13.68,normal
2026-06-10 15:49:46,10.0.0.31,8.8.8.6,53,172,56145,11.93,normal
2026-06-10 15:54:46,10.0.0.19,192.168.1.55,22,3212,45623,1.98,normal
2026-06-10 16:06:46,10.0.0.12,192.168.1.204,22,2089,22589,4.53,normal
2026-06-10 16:15:46,10.0.0.36,192.168.1.200,443,409,68568,7.26,normal
2026-06-10 16:37:46,10.0.0.43,8.8.8.4,53,1036,55928,17.62,normal
2026-06-10 16:39:46,10.0.0.21,192.168.1.87,443,18419,66088,3.62,normal
2026-06-10 16:43:46,10.0.0.30,192.168.1.201,53,14921,74222,1.97,normal
2026-06-10 16:46:46,10.0.0.17,8.8.8.2,22,5997,35811,10.85,normal
2026-06-10 16:47:46,10.0.0.45,8.8.8.4,80,366,15126,2.93,normal
2026-06-10 16:50:46,10.0.0.21,8.8.8.1,53,8973,15703,2.49,normal
2026-06-10 16:51:46,10.0.0.17,192.168.1.238,80,17075,12108,6.57,normal
2026-06-10 17:07:46,10.0.0.22,192.168.1.77,443,11957,8455,7.2,normal
2026-06-10 17:09:46,10.0.0.38,192.168.1.162,22,24758,1826,4.3,normal
2026-06-10 17:15:46,10.0.0.44,192.168.1.22,22,17146,39012,9.87,normal
2026-06-10 17:21:46,10.0.0.23,192.168.1.171,53,12960,42799,3.17,normal
2026-06-10 17:23:46,10.0.0.34,8.8.8.4,53,743,185234,2.14,normal
2026-06-10 17:27:46,10.0.0.19,192.168.1.47,443,11615,20307,2.93,normal
2026-06-10 17:44:46,10.0.0.18,192.168.1.13,443,4645,112954,1.67,normal
2026-06-10 17:56:46,10.0.0.37,192.168.1.126,80,8801,45027,12.81,normal
2026-06-10 17:57:46,10.0.0.28,8.8.8.6,53,5230,37950,3.49,normal
2026-06-10 18:00:46,10.0.0.34,192.168.1.157,443,7209,33995,2.54,normal
2026-06-10 18:06:46,10.0.0.32,192.168.1.70,443,5686,14398,8.93,normal
2026-06-10 18:10:46,10.0.0.16,8.8.8.7,80,6772,12600,1.54,normal
2026-06-10 18:12:46,10.0.0.28,192.168.1.127,443,30825,123275,14.21,normal
2026-06-10 18:20:46,10.0.0.46,192.168.1.235,22,19173,55201,11.76,normal
2026-06-10 18:22:46,10.0.0.30,8.8.8.6,80,18258,144771,6.0,normal
2026-06-10 18:27:46,10.0.0.48,8.8.8.1,443,2134,31252,1.72,normal
2026-06-10 18:34:46,10.0.0.31,8.8.8.4,443,3223,59041,8.05,normal
2026-06-10 18:39:46,10.0.0.22,192.168.1.79,53,2905,12165,0.17,normal
2026-06-10 18:45:46,10.0.0.25,8.8.8.5,80,1138,116522,7.12,normal
2026-06-10 18:56:46,10.0.0.26,192.168.1.2,22,1849,20139,1.6,normal
2026-06-10 19:01:46,10.0.0.16,192.168.1.135,80,12212,32239,9.77,normal
2026-06-10 19:24:46,10.0.0.32,192.168.1.13,443,3164,90336,3.73,normal
2026-06-10 19:51:46,10.0.0.24,192.168.1.198,80,14416,80028,8.35,normal
2026-06-10 20:11:46,10.0.0.47,192.168.1.108,22,9025,2478,3.71,normal
2026-06-10 20:13:46,10.0.0.23,192.168.1.130,53,6000,17451,5.1,normal
2026-06-10 20:19:46,10.0.0.34,8.8.8.2,443,14553,8752,6.64,normal
2026-06-10 21:03:46,10.0.0.18,192.168.1.208,80,4704,28388,1.37,normal
2026-06-10 21:12:46,10.0.0.47,192.168.1.84,53,16469,30838,3.69,normal
2026-06-10 21:16:46,10.0.0.18,192.168.1.164,53,3823,31954,6.29,normal
2026-06-10 21:25:46,10.0.0.19,192.168.1.13,22,6650,91179,3.49,normal
2026-06-10 21:26:46,10.0.0.23,192.168.1.73,53,2819,34817,3.87,normal
2026-06-10 21:28:46,10.0.0.32,192.168.1.235,22,8684,8047,7.7,normal
2026-06-10 21:42:46,10.0.0.17,192.168.1.180,443,8754,8483,1.8,normal
2026-06-10 21:45:46,10.0.0.29,192.168.1.145,22,1228,34025,11.94,normal
2026-06-10 21:48:46,10.0.0.39,8.8.8.7,80,1450,78253,10.3,normal
2026-06-10 21:51:46,10.0.0.47,8.8.8.8,22,2103,54664,0.47,normal
2026-06-10 22:07:46,10.0.0.47,192.168.1.168,22,3482,31842,12.57,normal
2026-06-10 22:08:46,10.0.0.16,8.8.8.2,22,5676,11289,5.88,normal
2026-06-10 22:09:46,10.0.0.17,192.168.1.190,22,16914,4275,2.17,normal
2026-06-10 22:27:46,10.0.0.39,8.8.8.1,22,4187,81222,0.67,normal
2026-06-10 22:42:46,10.0.0.19,8.8.8.4,443,47443,6970,6.0,normal
2026-06-10 22:43:46,10.0.0.11,192.168.1.177,22,8287,37152,9.61,normal
2026-06-10 23:00:46,10.0.0.32,8.8.8.7,22,794,26450,2.18,normal
2026-06-10 23:08:46,10.0.0.44,192.168.1.59,53,6737,4141,0.56,normal
2026-06-10 23:31:46,10.0.0.36,8.8.8.1,53,454,32845,7.67,normal
2026-06-10 23:31:46,10.0.0.24,192.168.1.135,53,14388,13666,5.68,normal
2026-06-10 23:32:46,10.0.0.19,192.168.1.6,22,30151,65937,2.45,normal
2026-06-10 23:35:46,10.0.0.11,192.168.1.162,443,13198,10476,0.51,normal
2026-06-10 23:41:46,10.0.0.47,192.168.1.205,443,56136,184131,1.4,normal
2026-06-10 23:47:46,10.0.0.46,192.168.1.24,80,3365,15270,0.39,normal
2026-06-10 23:50:46,10.0.0.18,8.8.8.7,53,5183,80589,0.62,normal
2026-06-10 23:56:46,10.0.0.33,8.8.8.7,443,29011,94838,7.43,normal
2026-06-10 23:57:46,10.0.0.25,192.168.1.167,22,4178,131712,0.79,normal
2026-06-11 00:04:46,10.0.0.16,8.8.8.3,22,4006,21980,15.37,normal
2026-06-11 00:12:46,10.0.0.10,192.168.1.41,22,713,43710,3.48,normal
2026-06-11 00:12:46,10.0.0.27,192.168.1.96,80,1473,42013,2.63,normal
2026-06-11 00:31:46,10.0.0.44,192.168.1.218,80,1114,9265,1.66,normal
2026-06-11 00:33:46,10.0.0.12,192.168.1.63,80,5068,27494,1.71,normal
2026-06-11 01:06:46,10.0.0.42,192.168.1.135,53,491,110986,17.61,normal
2026-06-11 01:11:46,10.0.0.12,8.8.8.8,53,22142,17042,1.21,normal
2026-06-11 01:13:46,10.0.0.45,8.8.8.8,80,4294,48599,4.46,normal
2026-06-11 01:18:46,10.0.0.24,8.8.8.5,53,2689,824,5.41,normal
2026-06-11 01:24:46,10.0.0.39,192.168.1.45,53,1281,99526,2.32,normal
2026-06-11 01:52:46,10.0.0.28,8.8.8.2,80,7154,119163,1.99,normal
2026-06-11 01:52:46,10.0.0.42,8.8.8.4,80,11925,205864,0.4,normal
2026-06-11 02:02:46,10.0.0.24,192.168.1.205,80,7210,34909,12.32,normal
2026-06-11 02:13:46,10.0.0.29,192.168.1.135,22,1123,8394,1.45,normal
2026-06-11 02:30:46,10.0.0.24,192.168.1.25,443,4900,1375,6.73,normal
2026-06-11 02:35:46,10.0.0.48,8.8.8.2,22,8186,42486,13.35,normal
2026-06-11 02:35:46,10.0.0.22,192.168.1.209,53,21167,42505,8.94,normal
2026-06-11 03:00:46,10.0.0.10,192.168.1.231,80,164,60919,9.23,normal
2026-06-11 03:18:46,10.0.0.15,8.8.8.1,443,20510,76351,2.71,normal
2026-06-11 03:19:46,10.0.0.35,192.168.1.92,443,22652,11527,2.59,normal
2026-06-11 03:22:46,10.0.0.35,192.168.1.50,80,16750,53525,6.99,normal
2026-06-11 03:33:46,10.0.0.21,192.168.1.51,53,1236,15818,1.25,normal
2026-06-11 03:34:46,10.0.0.34,8.8.8.4,53,20571,181609,0.33,normal
2026-06-11 03:36:46,10.0.0.40,8.8.8.8,22,1548,29453,4.44,normal
2026-06-11 03:37:46,10.0.0.41,192.168.1.93,53,20049,8516,2.2,normal
2026-06-11 03:43:46,10.0.0.22,192.168.1.4,53,9474,63065,1.96,normal
2026-06-11 03:49:46,10.0.0.37,192.168.1.172,22,5954,16084,5.85,normal
2026-06-11 03:50:46,10.0.0.46,192.168.1.212,22,1378,26791,0.2,normal
2026-06-11 03:56:46,10.0.0.45,192.168.1.230,53,15510,19046,15.64,normal
2026-06-11 04:19:46,10.0.0.32,8.8.8.8,80,3999,17889,8.1,normal
2026-06-11 04:29:46,10.0.0.49,192.168.1.101,53,14844,11176,21.77,normal
2026-06-11 04:33:46,10.0.0.18,8.8.8.3,22,12853,108763,3.08,normal
2026-06-11 04:37:46,10.0.0.12,192.168.1.149,443,1966,58810,5.28,normal
2026-06-11 04:38:46,10.0.0.12,8.8.8.5,22,20459,1174,0.22,normal
2026-06-11 04:47:46,10.0.0.10,8.8.8.4,22,8209,65687,5.52,normal
2026-06-11 05:11:46,10.0.0.24,8.8.8.4,22,6198,22242,8.72,normal
2026-06-11 05:19:46,10.0.0.15,8.8.8.1,80,1345,11099,1.48,normal
2026-06-11 05:19:46,10.0.0.39,192.168.1.31,443,15812,19145,6.05,normal
2026-06-11 05:27:46,10.0.0.50,192.168.1.79,53,3052,10922,1.9,normal
2026-06-11 05:27:46,10.0.0.22,192.168.1.62,22,960,26350,4.1,normal
2026-06-11 05:28:46,10.0.0.33,192.168.1.117,443,9486,16572,1.19,normal
2026-06-11 05:37:46,10.0.0.19,192.168.1.225,443,578,16431,3.59,normal
2026-06-11 05:41:46,10.0.0.22,192.168.1.229,53,15582,54778,7.36,normal
2026-06-11 06:01:46,10.0.0.38,192.168.1.59,443,1493,17890,6.0,normal
2026-06-11 06:08:46,10.0.0.17,192.168.1.93,22,28030,50681,1.63,normal
2026-06-11 06:19:46,10.0.0.15,8.8.8.7,443,4232,15116,8.6,normal
2026-06-11 06:25:46,10.0.0.13,192.168.1.65,443,4353,74605,1.86,normal
2026-06-11 06:28:46,10.0.0.16,8.8.8.3,22,7238,13211,4.78,normal
2026-06-11 06:32:46,10.0.0.30,192.168.1.169,443,3216,34427,7.57,normal
2026-06-11 06:32:46,10.0.0.18,192.168.1.192,53,1166,51297,2.99,normal
2026-06-11 06:34:46,10.0.0.11,8.8.8.8,22,738,52351,17.32,normal
2026-06-11 06:42:46,10.0.0.35,8.8.8.5,22,20782,34116,3.64,normal
2026-06-11 06:46:46,10.0.0.21,8.8.8.8,53,2792,7755,0.63,normal
2026-06-11 06:49:46,10.0.0.34,192.168.1.125,80,2905,61217,5.07,normal
2026-06-11 06:57:46,10.0.0.34,192.168.1.241,53,3057,64362,2.43,normal
2026-06-11 07:08:46,10.0.0.20,192.168.1.165,443,4068,3383,4.98,normal
2026-06-11 07:09:46,10.0.0.49,8.8.8.2,22,28431,24496,4.04,normal
2026-06-11 07:16:46,10.0.0.34,192.168.1.215,53,7453,22323,5.57,normal
2026-06-11 07:38:46,10.0.0.46,192.168.1.177,22,5918,1207,1.83,normal
2026-06-11 07:38:46,10.0.0.12,192.168.1.17,53,14802,3946,6.63,normal
2026-06-11 07:45:46,10.0.0.44,8.8.8.8,443,5452,12658,3.67,normal
2026-06-11 07:45:46,10.0.0.33,8.8.8.6,80,4698,167,2.24,normal
2026-06-11 07:57:46,10.0.0.13,8.8.8.2,80,11526,13949,0.47,normal
2026-06-11 07:57:46,10.0.0.47,8.8.8.3,80,12541,71619,0.74,normal
2026-06-11 08:06:46,10.0.0.50,192.168.1.235,22,26936,5507,5.11,normal
2026-06-11 08:27:46,10.0.0.39,8.8.8.1,22,4892,30562,0.71,normal
2026-06-11 08:48:46,10.0.0.39,192.168.1.160,443,8987,56692,0.31,normal
2026-06-11 08:54:46,10.0.0.37,8.8.8.4,22,2930,39939,0.95,normal
2026-06-11 09:06:46,10.0.0.33,192.168.1.80,443,14267,45560,12.04,normal
2026-06-11 09:17:46,10.0.0.37,8.8.8.4,80,3786,35375,2.93,normal
2026-06-11 09:48:46,10.0.0.45,192.168.1.212,53,8651,34014,3.59,normal
2026-06-11 09:59:46,10.0.0.25,8.8.8.1,53,6989,28445,15.81,normal
2026-06-11 10:01:46,10.0.0.39,8.8.8.8,443,9950,58438,4.21,normal
2026-06-11 10:06:46,10.0.0.27,8.8.8.6,443,5146,8368,1.44,normal
2026-06-11 10:10:46,10.0.0.16,192.168.1.226,22,4253,65413,4.19,normal
2026-06-11 10:12:46,10.0.0.10,192.168.1.197,22,17577,206899,4.72,normal
2026-06-11 10:23:46,10.0.0.47,8.8.8.3,22,37352,6808,3.78,normal
2026-06-11 10:46:46,10.0.0.31,192.168.1.229,22,28100,112707,7.56,normal
2026-06-11 10:46:46,10.0.0.29,192.168.1.138,22,2742,3916,3.12,normal
2026-06-11 10:46:46,10.0.0.32,192.168.1.127,53,2762,177808,1.09,normal
2026-06-11 11:17:46,10.0.0.44,192.168.1.207,80,17339,81571,6.36,normal
2026-06-11 11:20:46,10.0.0.19,8.8.8.5,443,9733,60983,7.14,normal
2026-06-11 11:30:46,10.0.0.20,8.8.8.5,22,6470,3079,6.98,normal
2026-06-11 11:32:46,10.0.0.27,192.168.1.178,22,2026,176568,3.76,normal
2026-06-11 11:37:46,10.0.0.40,192.168.1.63,443,544,189093,37.31,normal
2026-06-11 11:57:46,10.0.0.33,8.8.8.3,22,4837,74818,8.73,normal
2026-06-11 11:58:46,10.0.0.45,8.8.8.3,443,39781,50058,4.9,normal
2026-06-11 12:04:46,10.0.0.21,192.168.1.114,22,2139,55907,9.26,normal
2026-06-11 12:06:46,10.0.0.30,192.168.1.145,80,3684,88520,6.59,normal
2026-06-11 12:08:46,10.0.0.31,8.8.8.3,80,4881,36685,2.81,normal
2026-06-11 12:16:46,10.0.0.22,192.168.1.251,53,16948,61454,0.13,normal
2026-06-11 12:18:46,10.0.0.42,192.168.1.201,22,7356,8235,0.44,normal
2026-06-11 12:26:46,10.0.0.39,8.8.8.3,53,28881,8155,10.58,normal
2026-06-11 12:32:46,10.0.0.33,192.168.1.175,80,20510,29566,1.52,normal
2026-06-11 12:37:46,10.0.0.38,8.8.8.4,80,22869,109615,2.05,normal
2026-06-11 12:41:46,10.0.0.42,192.168.1.117,443,8853,101450,8.29,normal
2026-06-11 12:49:46,10.0.0.48,192.168.1.96,80,61871,21693,8.12,normal
2026-06-11 12:53:46,10.0.0.12,8.8.8.4,80,9090,2739,1.62,normal
2026-06-11 12:57:46,10.0.0.11,8.8.8.3,22,3941,83103,23.11,normal
2026-06-11 13:18:46,10.0.0.46,192.168.1.210,443,19809,93807,8.56,normal
2026-06-11 13:20:46,10.0.0.15,192.168.1.174,22,1177,53724,5.37,normal
2026-06-11 13:35:46,10.0.0.37,192.168.1.81,443,2275,57107,5.35,normal
2026-06-11 13:40:46,10.0.0.29,192.168.1.249,443,9550,50862,4.55,normal
2026-06-11 13:49:46,10.0.0.13,8.8.8.4,22,21185,14045,0.27,normal
2026-06-11 13:56:46,10.0.0.24,8.8.8.7,22,12780,51342,6.51,normal
2026-06-11 14:01:46,10.0.0.31,192.168.1.35,80,4036,50274,3.49,normal
2026-06-11 14:07:46,10.0.0.45,192.168.1.186,22,17085,89329,0.98,normal
2026-06-11 14:17:46,10.0.0.17,8.8.8.8,80,16484,209615,11.71,normal
2026-06-11 14:17:46,10.0.0.26,192.168.1.51,80,19411,12985,1.06,normal
2026-06-11 14:21:46,10.0.0.38,192.168.1.122,53,5806,13492,17.68,normal
2026-06-11 14:42:46,10.0.0.46,192.168.1.156,443,1177,4005,7.47,normal
2026-06-11 14:42:46,10.0.0.50,192.168.1.63,53,4892,42516,9.26,normal
2026-06-11 14:54:46,10.0.0.33,192.168.1.111,443,1960,25329,26.5,normal
2026-06-11 14:55:46,10.0.0.24,8.8.8.3,53,20206,16697,1.06,normal
2026-06-11 14:56:46,10.0.0.28,192.168.1.111,443,14231,824,2.3,normal
2026-06-11 15:30:46,10.0.0.26,192.168.1.132,22,2814,12198,1.98,normal
2026-06-11 15:33:46,10.0.0.15,192.168.1.143,22,3661,15366,0.28,normal
2026-06-11 15:37:46,10.0.0.10,192.168.1.113,22,11184,36830,0.7,normal
2026-06-11 15:57:46,10.0.0.30,192.168.1.37,443,2507,221392,2.37,normal
2026-06-11 16:01:46,10.0.0.30,192.168.1.254,53,1516,59495,22.13,normal
2026-06-11 16:10:46,10.0.0.50,8.8.8.2,443,7537,27863,4.99,normal
2026-06-11 16:49:46,10.0.0.33,192.168.1.53,22,11213,69891,2.09,normal
2026-06-11 17:04:46,10.0.0.46,192.168.1.15,22,3818,109743,15.71,normal
2026-06-11 17:06:46,10.0.0.29,192.168.1.130,22,5604,30118,29.36,normal
2026-06-11 17:07:46,10.0.0.20,192.168.1.146,22,5359,102314,3.57,normal
2026-06-11 17:41:46,10.0.0.19,192.168.1.169,80,5077,62549,5.28,normal
2026-06-11 17:47:46,10.0.0.23,192.168.1.24,80,1082,33595,9.4,normal
2026-06-11 17:53:46,10.0.0.39,8.8.8.4,53,34639,46371,5.45,normal
2026-06-11 17:54:46,10.0.0.21,192.168.1.83,443,21414,27986,1.01,normal
2026-06-11 17:55:46,10.0.0.17,192.168.1.147,22,9134,20441,3.53,normal
2026-06-11 18:17:46,10.0.0.48,8.8.8.4,443,3975,66947,0.91,normal
2026-06-11 18:17:46,10.0.0.10,192.168.1.145,53,5218,67048,0.7,normal
2026-06-11 18:28:46,10.0.0.25,192.168.1.142,22,2132,22055,4.89,normal
2026-06-11 18:31:46,10.0.0.44,192.168.1.176,22,2878,85591,2.95,normal
2026-06-11 18:43:46,10.0.0.22,192.168.1.110,53,5843,16412,17.27,normal
2026-06-11 18:47:46,10.0.0.19,8.8.8.3,80,498,9161,2.94,normal
2026-06-11 18:48:46,10.0.0.27,8.8.8.4,80,69,63523,1.0,normal
2026-06-11 18:52:46,10.0.0.11,8.8.8.5,53,7629,38995,0.37,normal
2026-06-11 19:05:46,10.0.0.33,8.8.8.3,53,13245,46763,3.17,normal
2026-06-11 19:08:46,10.0.0.38,192.168.1.205,443,4757,81534,0.48,normal
2026-06-11 19:11:46,10.0.0.19,192.168.1.43,53,1482,4301,3.4,normal
2026-06-11 19:18:46,10.0.0.10,192.168.1.250,22,786,4278,7.06,normal
2026-06-11 19:29:46,10.0.0.43,192.168.1.46,80,2388,133489,9.63,normal
2026-06-11 19:33:46,10.0.0.43,8.8.8.6,80,2049,3540,14.03,normal
2026-06-11 19:39:46,10.0.0.24,192.168.1.55,443,6316,39214,0.28,normal
2026-06-11 19:49:46,10.0.0.11,192.168.1.32,443,1036,43270,2.45,normal
2026-06-11 19:50:46,10.0.0.47,192.168.1.91,22,17624,72408,2.72,normal
2026-06-11 19:58:46,10.0.0.39,192.168.1.7,22,15605,111322,1.98,normal
2026-06-11 20:13:46,10.0.0.16,192.168.1.231,80,28297,15107,1.87,normal
2026-06-11 20:19:46,10.0.0.39,8.8.8.8,53,23721,14453,1.52,normal
2026-06-11 20:25:46,10.0.0.42,192.168.1.28,80,1549,79100,2.14,normal
2026-06-11 20:42:46,10.0.0.37,192.168.1.22,53,10429,50754,0.23,normal
2026-06-11 20:43:46,10.0.0.35,192.168.1.58,22,7332,29108,7.87,normal
2026-06-11 20:47:46,10.0.0.21,8.8.8.1,80,3551,73415,17.29,normal
2026-06-11 21:05:46,10.0.0.48,192.168.1.211,22,4027,28559,0.9,normal
2026-06-11 21:12:46,10.0.0.43,192.168.1.12,22,6920,242513,12.69,normal
2026-06-11 21:21:46,10.0.0.18,8.8.8.5,22,1751,32215,5.1,normal
2026-06-11 21:25:46,10.0.0.45,192.168.1.4,53,867,39417,5.51,normal
2026-06-11 21:30:46,10.0.0.15,185.220.101.5,4444,114,234,15.11,malware_beaconing
2026-06-11 21:34:46,10.0.0.32,8.8.8.2,443,986,27128,7.82,normal
2026-06-11 21:40:46,10.0.0.15,185.220.101.5,4444,116,234,14.58,malware_beaconing
2026-06-11 21:50:46,10.0.0.15,185.220.101.5,4444,124,228,14.73,malware_beaconing
2026-06-11 21:55:46,10.0.0.49,192.168.1.116,53,12994,113804,2.25,normal
2026-06-11 22:00:46,10.0.0.15,185.220.101.5,4444,126,234,15.11,malware_beaconing
2026-06-11 22:10:46,10.0.0.15,185.220.101.5,4444,118,251,14.64,malware_beaconing
2026-06-11 22:14:46,10.0.0.40,192.168.1.254,53,1007,19332,11.89,normal
2026-06-11 22:17:46,10.0.0.48,192.168.1.169,22,4957,81464,0.49,normal
2026-06-11 22:20:46,10.0.0.15,185.220.101.5,4444,117,244,15.1,malware_beaconing
2026-06-11 22:30:46,10.0.0.15,185.220.101.5,4444,123,244,14.45,malware_beaconing
2026-06-11 22:31:46,10.0.0.47,8.8.8.6,53,5370,23362,23.39,normal
2026-06-11 22:38:46,10.0.0.23,192.168.1.189,53,15873,61493,3.57,normal
2026-06-11 22:40:46,10.0.0.15,185.220.101.5,4444,115,231,14.85,malware_beaconing
2026-06-11 22:42:46,10.0.0.17,192.168.1.177,22,3785,36805,5.53,normal
2026-06-11 22:50:46,10.0.0.15,185.220.101.5,4444,126,233,15.27,malware_beaconing
2026-06-11 22:54:46,10.0.0.28,8.8.8.3,53,1015,45795,1.86,normal
2026-06-11 23:00:46,10.0.0.15,185.220.101.5,4444,109,234,15.23,malware_beaconing
2026-06-11 23:07:46,10.0.0.44,8.8.8.7,22,2628,3900,2.44,normal
2026-06-11 23:10:46,10.0.0.15,185.220.101.5,4444,115,230,14.98,malware_beaconing
2026-06-11 23:17:46,10.0.0.14,192.168.1.156,22,1183,29757,3.9,normal
2026-06-11 23:20:46,10.0.0.15,185.220.101.5,4444,121,238,14.67,malware_beaconing
2026-06-11 23:26:46,10.0.0.48,192.168.1.66,22,3463,18639,0.69,normal
2026-06-11 23:29:46,10.0.0.24,192.168.1.232,80,5741,15068,12.4,normal
2026-06-11 23:30:46,10.0.0.15,185.220.101.5,4444,109,233,13.88,malware_beaconing
2026-06-11 23:37:46,10.0.0.16,192.168.1.75,443,5521,111693,4.47,normal
2026-06-11 23:40:46,10.0.0.15,185.220.101.5,4444,106,235,15.23,malware_beaconing
2026-06-11 23:43:46,10.0.0.18,192.168.1.135,443,3851,5473,6.85,normal
2026-06-11 23:48:46,10.0.0.42,192.168.1.166,80,3156,105545,4.27,normal
2026-06-11 23:50:46,10.0.0.22,192.168.1.243,22,114,17016,3.64,normal
2026-06-11 23:50:46,10.0.0.15,185.220.101.5,4444,126,236,14.74,malware_beaconing
2026-06-11 23:56:46,10.0.0.48,192.168.1.239,80,2694,16595,1.85,normal
2026-06-12 00:00:46,10.0.0.15,185.220.101.5,4444,120,218,15.19,malware_beaconing
2026-06-12 00:10:46,10.0.0.15,185.220.101.5,4444,121,245,15.38,malware_beaconing
2026-06-12 00:15:46,10.0.0.45,8.8.8.3,22,10847,72375,0.62,normal
2026-06-12 00:18:46,10.0.0.16,192.168.1.201,53,6459,172504,10.09,normal
2026-06-12 00:20:46,10.0.0.15,185.220.101.5,4444,109,257,16.96,malware_beaconing
2026-06-12 00:26:46,10.0.0.46,192.168.1.190,443,13226,82239,10.42,normal
2026-06-12 00:29:46,10.0.0.25,8.8.8.3,22,1824,121015,5.87,normal
2026-06-12 00:30:46,10.0.0.15,185.220.101.5,4444,121,239,14.86,malware_beaconing
2026-06-12 00:30:46,10.0.0.41,192.168.1.39,22,17333,97542,8.11,normal
2026-06-12 00:33:46,10.0.0.49,192.168.1.42,80,6243,127011,6.36,normal
2026-06-12 00:34:46,10.0.0.42,192.168.1.132,80,4815,20675,0.17,normal
2026-06-12 00:39:46,10.0.0.13,192.168.1.10,443,9300,56522,4.21,normal
2026-06-12 00:40:46,10.0.0.15,185.220.101.5,4444,117,243,14.79,malware_beaconing
2026-06-12 00:50:46,10.0.0.15,185.220.101.5,4444,123,235,14.24,malware_beaconing
2026-06-12 01:00:46,10.0.0.18,192.168.1.20,53,9195,9983,5.15,normal
2026-06-12 01:00:46,10.0.0.15,185.220.101.5,4444,117,252,14.43,malware_beaconing
2026-06-12 01:04:46,10.0.0.17,192.168.1.106,80,7663,19702,5.36,normal
2026-06-12 01:10:46,10.0.0.15,185.220.101.5,4444,121,232,14.73,malware_beaconing
2026-06-12 01:14:46,10.0.0.38,192.168.1.165,443,11688,64234,3.34,normal
2026-06-12 01:20:46,10.0.0.15,185.220.101.5,4444,123,258,15.38,malware_beaconing
2026-06-12 01:30:46,10.0.0.44,192.168.1.86,53,8151,37813,8.6,normal
2026-06-12 01:30:46,10.0.0.15,185.220.101.5,4444,123,240,14.91,malware_beaconing
2026-06-12 01:40:46,10.0.0.15,185.220.101.5,4444,116,247,15.65,malware_beaconing
2026-06-12 01:42:46,10.0.0.50,192.168.1.245,443,12720,14307,3.34,normal
2026-06-12 01:50:46,10.0.0.15,185.220.101.5,4444,119,240,14.9,malware_beaconing
2026-06-12 01:53:46,10.0.0.38,192.168.1.43,53,1254,129409,2.19,normal
2026-06-12 01:55:46,10.0.0.45,8.8.8.5,80,4602,12869,0.49,normal
2026-06-12 01:56:46,10.0.0.45,8.8.8.5,80,11706,7673,3.13,normal
2026-06-12 02:00:46,10.0.0.15,185.220.101.5,4444,119,242,15.13,malware_beaconing
2026-06-12 02:02:46,10.0.0.32,192.168.1.110,22,17057,24052,0.72,normal
2026-06-12 02:08:46,10.0.0.35,192.168.1.33,80,1486,49752,1.77,normal
2026-06-12 02:10:46,10.0.0.15,185.220.101.5,4444,124,248,15.79,malware_beaconing
2026-06-12 02:18:46,10.0.0.47,192.168.1.249,22,9007,60739,5.09,normal
2026-06-12 02:20:46,10.0.0.15,185.220.101.5,4444,115,249,14.77,malware_beaconing
2026-06-12 02:21:46,10.0.0.32,192.168.1.44,22,21043,67208,1.21,normal
2026-06-12 02:23:46,10.0.0.35,8.8.8.1,53,22334,10348,4.6,normal
2026-06-12 02:30:46,10.0.0.15,185.220.101.5,4444,127,233,15.44,malware_beaconing
2026-06-12 02:39:46,10.0.0.39,8.8.8.2,443,16277,30741,1.13,normal
2026-06-12 02:40:46,10.0.0.15,185.220.101.5,4444,111,236,14.89,malware_beaconing
2026-06-12 02:43:46,10.0.0.12,192.168.1.138,443,16023,18679,1.67,normal
2026-06-12 02:50:46,10.0.0.15,185.220.101.5,4444,117,246,15.5,malware_beaconing
2026-06-12 03:00:46,10.0.0.15,185.220.101.5,4444,121,228,14.9,malware_beaconing
2026-06-12 03:06:46,10.0.0.37,8.8.8.7,443,34200,27143,3.62,normal
2026-06-12 03:10:46,10.0.0.15,185.220.101.5,4444,105,238,15.04,malware_beaconing
2026-06-12 03:11:46,10.0.0.45,192.168.1.145,443,19763,448,8.62,normal
2026-06-12 03:15:46,10.0.0.39,192.168.1.231,22,3315,9840,1.03,normal
2026-06-12 03:16:46,10.0.0.28,192.168.1.197,22,13673,1805,1.53,normal
2026-06-12 03:20:46,10.0.0.15,185.220.101.5,4444,126,247,14.18,malware_beaconing
2026-06-12 03:24:46,10.0.0.42,192.168.1.158,443,12999,186277,5.17,normal
2026-06-12 03:29:46,10.0.0.10,8.8.8.6,443,8530,89537,5.0,normal
2026-06-12 03:30:46,10.0.0.50,192.168.1.57,53,1955,59464,2.68,normal
2026-06-12 03:30:46,10.0.0.15,185.220.101.5,4444,127,230,15.23,malware_beaconing
2026-06-12 03:30:46,10.0.0.19,192.168.1.213,22,15888,59256,0.99,normal
2026-06-12 03:39:46,10.0.0.34,8.8.8.1,443,10366,37469,3.11,normal
2026-06-12 03:40:46,10.0.0.15,185.220.101.5,4444,124,237,15.87,malware_beaconing
2026-06-12 03:42:46,10.0.0.50,192.168.1.203,80,20739,207119,5.04,normal
2026-06-12 03:45:46,10.0.0.47,192.168.1.208,53,2343,17446,5.61,normal
2026-06-12 03:50:46,10.0.0.15,185.220.101.5,4444,114,231,15.57,malware_beaconing
2026-06-12 04:00:46,10.0.0.15,185.220.101.5,4444,117,229,14.7,malware_beaconing
2026-06-12 04:10:46,10.0.0.15,185.220.101.5,4444,118,243,15.61,malware_beaconing
2026-06-12 04:12:46,10.0.0.40,192.168.1.253,22,5458,27453,7.41,normal
2026-06-12 04:13:46,10.0.0.26,8.8.8.1,443,8550,16318,0.93,normal
2026-06-12 04:18:46,10.0.0.12,192.168.1.87,80,3677,37296,1.11,normal
2026-06-12 04:20:46,10.0.0.15,185.220.101.5,4444,110,242,14.71,malware_beaconing
2026-06-12 04:30:46,10.0.0.15,185.220.101.5,4444,119,226,14.04,malware_beaconing
2026-06-12 04:33:46,10.0.0.50,192.168.1.225,443,2591,12768,8.56,normal
2026-06-12 04:34:46,10.0.0.23,192.168.1.97,443,24215,70213,1.83,normal
2026-06-12 04:35:46,10.0.0.36,192.168.1.30,22,6101,71968,2.09,normal
2026-06-12 04:40:46,10.0.0.15,185.220.101.5,4444,124,241,15.99,malware_beaconing
2026-06-12 04:43:46,10.0.0.44,8.8.8.4,443,37291,20641,1.34,normal
2026-06-12 04:48:46,10.0.0.27,192.168.1.45,443,789,709,0.47,normal
2026-06-12 04:50:46,10.0.0.15,185.220.101.5,4444,115,245,15.63,malware_beaconing
2026-06-12 04:56:46,10.0.0.37,192.168.1.105,53,1181,71670,7.67,normal
2026-06-12 05:00:46,10.0.0.15,185.220.101.5,4444,121,252,15.1,malware_beaconing
2026-06-12 05:08:46,10.0.0.47,192.168.1.217,443,5010,174457,0.99,normal
2026-06-12 05:10:46,10.0.0.15,185.220.101.5,4444,121,223,15.37,malware_beaconing
2026-06-12 05:20:46,10.0.0.15,185.220.101.5,4444,119,240,14.52,malware_beaconing
2026-06-12 05:21:46,10.0.0.47,192.168.1.230,443,4301,21405,12.72,normal
2026-06-12 05:30:46,10.0.0.15,185.220.101.5,4444,132,255,14.43,malware_beaconing
2026-06-12 05:40:46,10.0.0.15,185.220.101.5,4444,120,237,15.3,malware_beaconing
2026-06-12 05:50:46,10.0.0.15,185.220.101.5,4444,120,242,14.52,malware_beaconing
2026-06-12 05:52:46,10.0.0.20,8.8.8.1,80,23033,24316,1.42,normal
2026-06-12 06:00:46,10.0.0.22,192.168.1.91,53,387,18216,1.3,normal
2026-06-12 06:00:46,10.0.0.15,185.220.101.5,4444,121,238,14.38,malware_beaconing
2026-06-12 06:07:46,10.0.0.15,192.168.1.6,80,7484,26515,0.52,normal
2026-06-12 06:09:46,10.0.0.26,192.168.1.113,443,2057,21306,5.22,normal
2026-06-12 06:10:46,10.0.0.21,8.8.8.2,53,19721,64253,0.71,normal
2026-06-12 06:10:46,10.0.0.15,185.220.101.5,4444,115,235,14.05,malware_beaconing
2026-06-12 06:14:46,10.0.0.38,8.8.8.8,53,33578,14543,0.18,normal
2026-06-12 06:20:46,10.0.0.15,185.220.101.5,4444,122,226,15.94,malware_beaconing
2026-06-12 06:30:46,10.0.0.15,185.220.101.5,4444,112,250,15.24,malware_beaconing
2026-06-12 06:37:46,10.0.0.16,192.168.1.176,443,32133,33557,8.19,normal
2026-06-12 06:40:46,10.0.0.15,185.220.101.5,4444,119,253,14.76,malware_beaconing
2026-06-12 06:42:46,10.0.0.12,192.168.1.181,53,11226,16205,2.91,normal
2026-06-12 06:43:46,10.0.0.21,192.168.1.127,80,8251,8535,2.66,normal
2026-06-12 06:48:46,10.0.0.46,192.168.1.184,22,6068,12819,6.79,normal
2026-06-12 06:50:46,10.0.0.15,185.220.101.5,4444,113,234,14.36,malware_beaconing
2026-06-12 07:00:46,10.0.0.15,185.220.101.5,4444,112,211,15.52,malware_beaconing
2026-06-12 07:01:46,10.0.0.15,192.168.1.65,443,1115,59008,1.91,normal
2026-06-12 07:10:46,10.0.0.15,185.220.101.5,4444,122,252,14.77,malware_beaconing
2026-06-12 07:18:46,10.0.0.30,192.168.1.121,80,12161,9518,6.06,normal
2026-06-12 07:20:46,10.0.0.15,185.220.101.5,4444,117,251,14.77,malware_beaconing
2026-06-12 07:22:46,10.0.0.37,192.168.1.80,53,16504,10960,1.7,normal
2026-06-12 07:30:46,10.0.0.15,185.220.101.5,4444,118,241,14.07,malware_beaconing
2026-06-12 07:40:46,10.0.0.15,185.220.101.5,4444,117,240,15.22,malware_beaconing
2026-06-12 07:50:46,10.0.0.32,192.168.1.40,22,2865,3073,4.78,normal
2026-06-12 07:50:46,10.0.0.15,185.220.101.5,4444,116,244,13.76,malware_beaconing
2026-06-12 07:54:46,10.0.0.30,192.168.1.246,443,1491,158525,3.07,normal
2026-06-12 08:00:46,10.0.0.15,185.220.101.5,4444,120,244,14.51,malware_beaconing
2026-06-12 08:00:46,10.0.0.19,8.8.8.5,80,2956,70433,12.66,normal
2026-06-12 08:07:46,10.0.0.48,192.168.1.186,80,1567,48797,1.19,normal
2026-06-12 08:10:46,10.0.0.15,185.220.101.5,4444,120,230,14.83,malware_beaconing
2026-06-12 08:18:46,10.0.0.32,192.168.1.144,53,8792,269594,0.28,normal
2026-06-12 08:20:46,10.0.0.32,192.168.1.199,53,28156,49503,0.72,normal
2026-06-12 08:20:46,10.0.0.15,185.220.101.5,4444,123,241,14.9,malware_beaconing
2026-06-12 08:30:46,10.0.0.15,185.220.101.5,4444,121,247,14.71,malware_beaconing
2026-06-12 08:31:46,10.0.0.29,192.168.1.130,80,325,3471,7.49,normal
2026-06-12 08:40:46,10.0.0.15,185.220.101.5,4444,125,236,13.98,malware_beaconing
2026-06-12 08:50:46,10.0.0.15,185.220.101.5,4444,125,226,15.21,malware_beaconing
2026-06-12 08:51:46,10.0.0.42,192.168.1.158,22,8831,38745,12.78,normal
2026-06-12 09:00:46,10.0.0.15,185.220.101.5,4444,118,232,14.65,malware_beaconing
2026-06-12 09:10:46,10.0.0.15,185.220.101.5,4444,115,234,15.87,malware_beaconing
2026-06-12 09:15:46,10.0.0.36,8.8.8.1,443,3058,71516,0.2,normal
2026-06-12 09:17:46,10.0.0.33,192.168.1.152,53,7989,30391,0.68,normal
2026-06-12 09:20:46,10.0.0.15,185.220.101.5,4444,113,236,15.1,malware_beaconing
2026-06-12 09:21:46,10.0.0.18,192.168.1.156,443,11082,48412,4.72,normal
2026-06-12 09:30:46,10.0.0.15,185.220.101.5,4444,118,239,15.16,malware_beaconing
2026-06-12 09:31:46,10.0.0.21,192.168.1.69,80,4324,56762,8.81,normal
2026-06-12 09:32:46,10.0.0.46,192.168.1.163,22,9628,40795,16.18,normal
2026-06-12 09:40:46,10.0.0.15,185.220.101.5,4444,112,243,14.74,malware_beaconing
2026-06-12 09:50:46,10.0.0.15,185.220.101.5,4444,120,242,15.88,malware_beaconing
2026-06-12 09:54:46,10.0.0.20,192.168.1.110,22,5592,21327,6.89,normal
2026-06-12 09:55:46,10.0.0.16,192.168.1.107,443,427,45450,8.93,normal
2026-06-12 09:59:46,10.0.0.29,192.168.1.98,22,6718,103445,6.56,normal
2026-06-12 10:00:46,10.0.0.15,185.220.101.5,4444,113,257,15.35,malware_beaconing
2026-06-12 10:02:46,10.0.0.34,8.8.8.2,80,649,263696,3.18,normal
2026-06-12 10:10:46,10.0.0.15,185.220.101.5,4444,128,232,15.1,malware_beaconing
2026-06-12 10:15:46,10.0.0.42,192.168.1.114,22,6666,366,5.52,normal
2026-06-12 10:19:46,10.0.0.27,8.8.8.5,22,13461,105498,4.29,normal
2026-06-12 10:20:46,10.0.0.15,185.220.101.5,4444,123,245,15.91,malware_beaconing
2026-06-12 10:30:46,10.0.0.45,8.8.8.2,80,1351,34277,3.0,normal
2026-06-12 10:30:46,10.0.0.15,185.220.101.5,4444,118,252,15.12,malware_beaconing
2026-06-12 10:31:46,10.0.0.38,192.168.1.164,80,4416,88274,2.31,normal
2026-06-12 10:35:46,10.0.0.31,192.168.1.48,22,15532,30388,5.59,normal
2026-06-12 10:37:46,10.0.0.49,8.8.8.4,22,23744,49039,4.02,normal
2026-06-12 10:40:46,10.0.0.15,185.220.101.5,4444,110,228,15.07,malware_beaconing
2026-06-12 10:41:46,10.0.0.20,192.168.1.134,80,5893,52494,2.89,normal
2026-06-12 10:41:46,10.0.0.19,192.168.1.252,80,7160,23144,3.71,normal
2026-06-12 10:43:46,10.0.0.45,192.168.1.242,80,8763,28789,15.12,normal
2026-06-12 10:49:46,10.0.0.31,192.168.1.11,53,64,65445,1.41,normal
2026-06-12 10:50:46,10.0.0.15,185.220.101.5,4444,121,239,14.91,malware_beaconing
2026-06-12 10:54:46,10.0.0.11,192.168.1.65,80,7815,106146,1.43,normal
2026-06-12 10:55:46,10.0.0.20,192.168.1.35,22,298,1218,7.2,normal
2026-06-12 11:00:46,10.0.0.15,185.220.101.5,4444,110,241,15.61,malware_beaconing
2026-06-12 11:04:46,10.0.0.38,192.168.1.102,443,2097,39133,3.05,normal
2026-06-12 11:06:46,10.0.0.44,192.168.1.89,443,11345,88249,30.74,normal
2026-06-12 11:08:46,10.0.0.45,192.168.1.118,80,16686,218313,2.46,normal
2026-06-12 11:10:46,10.0.0.15,185.220.101.5,4444,123,239,14.09,malware_beaconing
2026-06-12 11:20:46,10.0.0.15,185.220.101.5,4444,115,252,15.21,malware_beaconing
2026-06-12 11:27:46,10.0.0.33,192.168.1.251,53,149,31289,4.62,normal
2026-06-12 11:30:46,10.0.0.15,185.220.101.5,4444,122,238,15.52,malware_beaconing
2026-06-12 11:30:46,10.0.0.32,192.168.1.87,22,23324,3537,0.74,normal
2026-06-12 11:40:46,10.0.0.15,185.220.101.5,4444,116,248,15.29,malware_beaconing
2026-06-12 11:42:46,10.0.0.50,192.168.1.197,53,29005,31599,10.66,normal
2026-06-12 11:44:46,10.0.0.42,8.8.8.6,22,1844,84355,0.99,normal
2026-06-12 11:50:46,10.0.0.15,185.220.101.5,4444,125,232,15.82,malware_beaconing
2026-06-12 11:56:46,10.0.0.24,192.168.1.44,443,8352,22303,1.55,normal
2026-06-12 11:57:46,10.0.0.15,192.168.1.124,53,43111,46641,2.3,normal
2026-06-12 12:00:46,10.0.0.15,185.220.101.5,4444,113,245,15.18,malware_beaconing
2026-06-12 12:10:46,10.0.0.17,192.168.1.19,22,5805,14796,5.93,normal
2026-06-12 12:10:46,10.0.0.15,185.220.101.5,4444,110,228,15.23,malware_beaconing
2026-06-12 12:15:46,10.0.0.40,192.168.1.221,80,3984,62447,1.9,normal
2026-06-12 12:20:46,10.0.0.15,185.220.101.5,4444,118,227,14.86,malware_beaconing
2026-06-12 12:30:46,10.0.0.15,185.220.101.5,4444,121,238,15.19,malware_beaconing
2026-06-12 12:31:46,10.0.0.19,8.8.8.7,80,7481,29159,3.12,normal
2026-06-12 12:37:46,10.0.0.34,8.8.8.5,22,5490,14333,4.83,normal
2026-06-12 12:40:46,10.0.0.15,185.220.101.5,4444,125,256,14.62,malware_beaconing
2026-06-12 12:48:46,10.0.0.14,192.168.1.5,22,4688,46048,4.46,normal
2026-06-12 12:50:46,10.0.0.15,185.220.101.5,4444,116,244,14.76,malware_beaconing
2026-06-12 12:57:46,10.0.0.40,192.168.1.107,53,8148,66138,1.24,normal
2026-06-12 13:00:46,10.0.0.15,185.220.101.5,4444,119,247,14.82,malware_beaconing
2026-06-12 13:00:46,10.0.0.26,8.8.8.6,80,8436,43393,1.06,normal
2026-06-12 13:06:46,10.0.0.16,192.168.1.87,443,432,6940,2.87,normal
2026-06-12 13:10:46,10.0.0.15,185.220.101.5,4444,126,240,14.05,malware_beaconing
2026-06-12 13:12:46,10.0.0.47,8.8.8.3,443,759,23290,3.78,normal
2026-06-12 13:12:46,10.0.0.48,192.168.1.254,22,10799,8992,9.81,normal
2026-06-12 13:16:46,10.0.0.24,192.168.1.211,80,4467,77552,4.4,normal
2026-06-12 13:20:46,10.0.0.15,185.220.101.5,4444,119,239,14.79,malware_beaconing
2026-06-12 13:25:46,10.0.0.43,192.168.1.18,22,4634,15508,0.59,normal
2026-06-12 13:29:46,10.0.0.29,192.168.1.80,53,5889,61546,7.17,normal
2026-06-12 13:30:46,10.0.0.15,185.220.101.5,4444,127,240,14.13,malware_beaconing
2026-06-12 13:37:46,10.0.0.39,8.8.8.7,22,16336,7475,4.24,normal
2026-06-12 13:40:46,10.0.0.15,185.220.101.5,4444,124,229,15.22,malware_beaconing
2026-06-12 13:50:46,10.0.0.15,185.220.101.5,4444,118,248,15.24,malware_beaconing
2026-06-12 14:00:46,10.0.0.15,185.220.101.5,4444,119,233,13.94,malware_beaconing
2026-06-12 14:10:46,10.0.0.15,185.220.101.5,4444,122,232,15.22,malware_beaconing
2026-06-12 14:12:46,10.0.0.45,8.8.8.2,53,4294,8488,11.14,normal
2026-06-12 14:18:46,10.0.0.17,8.8.8.7,22,17039,39630,6.2,normal
2026-06-12 14:18:46,10.0.0.12,192.168.1.59,80,1521,150124,12.56,normal
2026-06-12 14:20:46,10.0.0.15,185.220.101.5,4444,119,231,14.64,malware_beaconing
2026-06-12 14:30:46,10.0.0.15,185.220.101.5,4444,118,210,15.42,malware_beaconing
2026-06-12 14:32:46,10.0.0.38,192.168.1.167,80,1149,80550,0.2,normal
2026-06-12 14:35:46,10.0.0.18,192.168.1.77,22,895,12534,3.52,normal
2026-06-12 14:40:46,10.0.0.15,185.220.101.5,4444,114,223,14.81,malware_beaconing
2026-06-12 14:50:46,10.0.0.15,185.220.101.5,4444,120,253,14.38,malware_beaconing
2026-06-12 14:54:46,10.0.0.29,192.168.1.181,53,8812,4146,2.28,normal
2026-06-12 14:57:46,10.0.0.40,192.168.1.248,53,3348,150299,0.33,normal
2026-06-12 15:00:46,10.0.0.15,185.220.101.5,4444,116,244,15.16,malware_beaconing
2026-06-12 15:07:46,10.0.0.16,8.8.8.3,53,277,15745,2.87,normal
2026-06-12 15:10:46,10.0.0.22,192.168.1.241,22,8251,590,6.16,normal
2026-06-12 15:10:46,10.0.0.15,185.220.101.5,4444,116,228,14.77,malware_beaconing
2026-06-12 15:20:46,10.0.0.15,185.220.101.5,4444,118,241,14.12,malware_beaconing
2026-06-12 15:30:46,10.0.0.15,185.220.101.5,4444,117,230,14.95,malware_beaconing
2026-06-12 15:31:46,10.0.0.46,192.168.1.238,443,33016,21017,4.0,normal
2026-06-12 15:33:46,10.0.0.45,8.8.8.1,80,1801,10424,1.51,normal
2026-06-12 15:36:46,10.0.0.18,192.168.1.152,22,29441,34384,4.23,normal
2026-06-12 15:38:46,10.0.0.16,192.168.1.184,443,2753,75925,2.28,normal
2026-06-12 15:40:46,10.0.0.15,185.220.101.5,4444,113,247,15.3,malware_beaconing
2026-06-12 15:50:46,10.0.0.15,185.220.101.5,4444,116,225,14.5,malware_beaconing
2026-06-12 15:54:46,10.0.0.47,192.168.1.84,80,11447,26325,6.14,normal
2026-06-12 15:55:46,10.0.0.24,192.168.1.247,80,642,39973,3.51,normal
2026-06-12 15:55:46,10.0.0.12,192.168.1.94,53,587,73057,2.41,normal
2026-06-12 15:58:46,10.0.0.50,8.8.8.8,80,20320,65045,3.21,normal
2026-06-12 16:00:46,10.0.0.15,185.220.101.5,4444,124,245,14.75,malware_beaconing
2026-06-12 16:10:46,10.0.0.15,185.220.101.5,4444,122,228,15.49,malware_beaconing
2026-06-12 16:10:46,10.0.0.11,192.168.1.203,80,3177,17046,3.4,normal
2026-06-12 16:19:46,10.0.0.47,192.168.1.249,22,1829,77237,2.49,normal
2026-06-12 16:20:46,10.0.0.15,185.220.101.5,4444,116,253,14.83,malware_beaconing
2026-06-12 16:29:46,10.0.0.50,192.168.1.48,22,329,35305,3.42,normal
2026-06-12 16:29:46,10.0.0.16,192.168.1.41,80,4677,33233,1.27,normal
2026-06-12 16:30:46,10.0.0.15,185.220.101.5,4444,124,248,14.4,malware_beaconing
2026-06-12 16:40:46,10.0.0.15,185.220.101.5,4444,117,247,15.91,malware_beaconing
2026-06-12 16:50:46,10.0.0.15,185.220.101.5,4444,116,224,16.14,malware_beaconing
2026-06-12 16:56:46,10.0.0.20,192.168.1.46,443,15058,99198,5.6,normal
2026-06-12 17:00:46,10.0.0.15,185.220.101.5,4444,123,221,14.06,malware_beaconing
2026-06-12 17:10:46,10.0.0.15,185.220.101.5,4444,122,241,14.81,malware_beaconing
2026-06-12 17:10:46,10.0.0.37,8.8.8.1,80,18664,19317,10.0,normal
2026-06-12 17:12:46,10.0.0.48,192.168.1.209,80,19881,149409,4.97,normal
2026-06-12 17:20:46,10.0.0.15,185.220.101.5,4444,121,252,15.21,malware_beaconing
2026-06-12 17:30:46,10.0.0.15,185.220.101.5,4444,116,232,14.52,malware_beaconing
2026-06-12 17:31:46,10.0.0.12,192.168.1.68,443,3610,4098,3.8,normal
2026-06-12 17:35:46,10.0.0.33,192.168.1.201,53,11121,257074,2.12,normal
2026-06-12 17:40:46,10.0.0.15,185.220.101.5,4444,124,244,15.42,malware_beaconing
2026-06-12 17:44:46,10.0.0.11,192.168.1.151,53,3210,11398,6.4,normal
2026-06-12 17:50:46,10.0.0.15,185.220.101.5,4444,114,256,15.59,malware_beaconing
2026-06-12 17:56:46,10.0.0.40,8.8.8.6,22,8594,92303,6.86,normal
2026-06-12 18:00:46,10.0.0.15,185.220.101.5,4444,123,257,15.76,malware_beaconing
2026-06-12 18:00:46,10.0.0.48,8.8.8.7,443,288,114514,9.49,normal
2026-06-12 18:05:46,10.0.0.24,192.168.1.5,443,13105,99013,6.03,normal
2026-06-12 18:10:46,10.0.0.15,185.220.101.5,4444,117,232,14.17,malware_beaconing
2026-06-12 18:11:46,10.0.0.38,192.168.1.32,80,17153,107897,4.7,normal
2026-06-12 18:20:46,10.0.0.15,185.220.101.5,4444,114,247,15.36,malware_beaconing
2026-06-12 18:21:46,10.0.0.28,8.8.8.5,80,29374,5697,10.15,normal
2026-06-12 18:24:46,10.0.0.15,192.168.1.106,53,14126,6931,0.57,normal
2026-06-12 18:27:46,10.0.0.16,8.8.8.6,53,31651,25560,3.09,normal
2026-06-12 18:28:46,10.0.0.38,192.168.1.48,53,6423,193512,9.31,normal
2026-06-12 18:30:46,10.0.0.15,185.220.101.5,4444,123,242,15.69,malware_beaconing
2026-06-12 18:36:46,10.0.0.47,192.168.1.172,53,2634,166351,4.02,normal
2026-06-12 18:40:46,10.0.0.15,185.220.101.5,4444,115,252,14.51,malware_beaconing
2026-06-12 18:48:46,10.0.0.11,192.168.1.47,53,7286,38445,1.54,normal
2026-06-12 18:50:46,10.0.0.15,185.220.101.5,4444,119,235,15.39,malware_beaconing
2026-06-12 19:00:46,10.0.0.15,185.220.101.5,4444,114,259,13.99,malware_beaconing
2026-06-12 19:08:46,10.0.0.25,192.168.1.31,443,8223,27701,7.61,normal
2026-06-12 19:10:46,10.0.0.15,185.220.101.5,4444,120,250,14.36,malware_beaconing
2026-06-12 19:17:46,10.0.0.39,192.168.1.19,80,9638,79713,12.78,normal
2026-06-12 19:20:46,10.0.0.15,185.220.101.5,4444,120,249,14.37,malware_beaconing
2026-06-12 19:24:46,10.0.0.30,192.168.1.45,53,5468,69603,1.21,normal
2026-06-12 19:30:46,10.0.0.15,185.220.101.5,4444,134,223,15.01,malware_beaconing
2026-06-12 19:37:46,10.0.0.40,192.168.1.37,80,10076,20802,11.63,normal
2026-06-12 19:40:46,10.0.0.15,185.220.101.5,4444,119,247,15.53,malware_beaconing
2026-06-12 19:40:46,10.0.0.18,192.168.1.32,443,5908,46808,11.25,normal
2026-06-12 19:42:46,10.0.0.22,192.168.1.139,22,17623,59835,13.61,normal
2026-06-12 19:50:46,10.0.0.15,185.220.101.5,4444,116,242,15.22,malware_beaconing
2026-06-12 19:54:46,10.0.0.13,192.168.1.87,443,16815,63414,7.34,normal
2026-06-12 20:00:46,10.0.0.15,185.220.101.5,4444,123,242,14.07,malware_beaconing
2026-06-12 20:03:46,10.0.0.37,8.8.8.2,53,838,6998,1.47,normal
2026-06-12 20:06:46,10.0.0.40,192.168.1.57,22,7677,46912,4.44,normal
2026-06-12 20:07:46,10.0.0.21,192.168.1.247,80,5308,9615,6.05,normal
2026-06-12 20:10:46,10.0.0.15,185.220.101.5,4444,125,243,15.32,malware_beaconing
2026-06-12 20:18:46,10.0.0.36,192.168.1.172,443,1674,13119,8.08,normal
2026-06-12 20:19:46,10.0.0.47,192.168.1.195,22,9881,35071,2.45,normal
2026-06-12 20:20:46,10.0.0.15,185.220.101.5,4444,115,232,15.07,malware_beaconing
2026-06-12 20:23:46,10.0.0.29,192.168.1.212,443,5712,143878,0.92,normal
2026-06-12 20:30:46,10.0.0.41,192.168.1.215,53,10101,38924,1.6,normal
2026-06-12 20:30:46,10.0.0.15,185.220.101.5,4444,127,237,15.59,malware_beaconing
2026-06-12 20:37:46,10.0.0.34,192.168.1.35,53,22358,27288,14.74,normal
2026-06-12 20:40:46,10.0.0.15,185.220.101.5,4444,115,251,15.02,malware_beaconing
2026-06-12 20:50:46,10.0.0.15,185.220.101.5,4444,129,231,15.33,malware_beaconing
2026-06-12 20:53:46,10.0.0.48,192.168.1.175,22,1021,69092,2.94,normal
2026-06-12 21:00:46,10.0.0.15,185.220.101.5,4444,121,246,14.81,malware_beaconing
2026-06-12 21:00:46,10.0.0.47,192.168.1.250,80,28470,9257,2.44,normal
2026-06-12 21:01:46,10.0.0.19,192.168.1.238,22,6473,55164,11.45,normal
2026-06-12 21:05:46,10.0.0.23,8.8.8.3,80,3202,92583,2.33,normal
2026-06-12 21:10:46,10.0.0.15,185.220.101.5,4444,115,248,14.89,malware_beaconing
2026-06-12 21:13:46,10.0.0.44,192.168.1.227,22,14162,21452,3.09,normal
2026-06-12 21:13:46,10.0.0.35,192.168.1.251,443,2436,10133,9.03,normal
2026-06-12 21:14:46,10.0.0.21,8.8.8.1,22,2658,6352,6.02,normal
2026-06-12 21:16:46,10.0.0.46,8.8.8.1,53,22607,35938,6.35,normal
2026-06-12 21:20:46,10.0.0.15,185.220.101.5,4444,115,253,15.36,malware_beaconing
2026-06-12 21:22:46,10.0.0.27,8.8.8.3,53,11448,48296,6.08,normal
2026-06-12 21:25:46,10.0.0.25,8.8.8.4,53,4983,39118,10.59,normal
2026-06-12 21:30:46,10.0.0.15,185.220.101.5,4444,120,240,15.59,malware_beaconing
2026-06-12 21:37:46,10.0.0.21,192.168.1.111,443,3335,97816,12.61,normal
2026-06-12 21:40:46,10.0.0.15,185.220.101.5,4444,115,240,15.28,malware_beaconing
2026-06-12 21:47:46,10.0.0.30,8.8.8.4,443,6204,18397,0.53,normal
2026-06-12 21:50:46,10.0.0.15,185.220.101.5,4444,124,224,13.92,malware_beaconing
2026-06-12 21:53:46,10.0.0.23,8.8.8.7,22,39785,78886,9.38,normal
2026-06-12 22:00:46,10.0.0.15,185.220.101.5,4444,118,237,15.75,malware_beaconing
2026-06-12 22:01:46,10.0.0.35,192.168.1.197,80,10681,8319,7.47,normal
2026-06-12 22:10:46,10.0.0.15,185.220.101.5,4444,118,254,14.69,malware_beaconing
2026-06-12 22:18:46,10.0.0.28,192.168.1.127,443,7653,6230,5.09,normal
2026-06-12 22:20:46,10.0.0.15,185.220.101.5,4444,126,243,13.76,malware_beaconing
2026-06-12 22:28:46,10.0.0.35,192.168.1.236,53,3753,84145,3.94,normal
2026-06-12 22:32:46,10.0.0.21,192.168.1.222,53,18685,1277,2.02,normal
2026-06-12 22:32:46,10.0.0.40,192.168.1.131,80,14788,34140,4.22,normal
2026-06-12 22:47:46,10.0.0.22,192.168.1.111,80,21818,29972,0.8,normal
2026-06-12 22:47:46,10.0.0.36,8.8.8.8,443,9171,17736,1.89,normal
2026-06-12 22:58:46,10.0.0.38,192.168.1.54,22,11258,3330,2.3,normal
2026-06-12 23:07:46,10.0.0.15,8.8.8.6,80,3549,7443,4.78,normal
2026-06-12 23:14:46,10.0.0.26,8.8.8.1,80,4403,48649,1.93,normal
2026-06-12 23:28:46,10.0.0.17,192.168.1.146,443,12631,119962,0.81,normal
2026-06-12 23:45:46,10.0.0.48,8.8.8.6,53,49618,3933,3.85,normal
2026-06-12 23:49:46,10.0.0.38,192.168.1.136,443,12354,39312,0.45,normal
2026-06-12 23:52:46,10.0.0.16,192.168.1.105,80,711,87175,13.87,normal
2026-06-12 23:53:46,10.0.0.43,192.168.1.145,22,10942,9902,0.17,normal
2026-06-13 00:03:46,10.0.0.28,8.8.8.4,22,4382,5447,13.72,normal
2026-06-13 00:33:46,10.0.0.22,8.8.8.4,22,3537,148363,2.96,normal
2026-06-13 00:44:46,10.0.0.23,8.8.8.6,443,7342,4698,2.08,normal
2026-06-13 00:50:46,10.0.0.19,192.168.1.84,53,5316,40253,4.99,normal
2026-06-13 00:51:46,10.0.0.23,192.168.1.196,53,1558,16304,0.33,normal
2026-06-13 00:52:46,10.0.0.33,192.168.1.216,80,7092,7878,4.45,normal
2026-06-13 00:54:46,10.0.0.38,192.168.1.98,22,11538,3792,0.6,normal
2026-06-13 00:57:46,10.0.0.32,192.168.1.107,53,5653,69589,9.87,normal
2026-06-13 01:04:46,10.0.0.13,192.168.1.164,80,447,55057,4.17,normal
2026-06-13 01:07:46,10.0.0.47,192.168.1.205,443,23822,55644,1.61,normal
2026-06-13 01:27:46,10.0.0.26,192.168.1.154,53,11354,46642,1.96,normal
2026-06-13 01:28:46,10.0.0.41,8.8.8.5,443,1632,23006,2.64,normal
2026-06-13 01:28:46,10.0.0.26,8.8.8.5,80,7436,73582,0.78,normal
2026-06-13 01:29:46,10.0.0.43,192.168.1.217,80,15780,119343,1.15,normal
2026-06-13 01:46:46,10.0.0.24,192.168.1.198,53,19192,139103,8.59,normal
2026-06-13 01:50:46,10.0.0.18,192.168.1.85,53,7908,11274,13.59,normal
2026-06-13 01:51:46,10.0.0.28,192.168.1.221,22,6910,28810,6.61,normal
2026-06-13 02:10:46,10.0.0.11,8.8.8.4,443,9743,11339,4.31,normal
2026-06-13 02:19:46,10.0.0.10,192.168.1.134,80,2054,119643,2.22,normal
2026-06-13 02:37:46,10.0.0.24,8.8.8.5,53,1851,7162,0.32,normal
2026-06-13 02:40:46,10.0.0.12,8.8.8.6,53,2093,174740,4.06,normal
2026-06-13 02:41:46,10.0.0.14,192.168.1.174,53,276,22447,0.8,normal
2026-06-13 02:46:46,10.0.0.27,8.8.8.8,443,13466,19062,5.37,normal
2026-06-13 02:53:46,10.0.0.17,192.168.1.175,443,20303,82075,10.62,normal
2026-06-13 02:56:46,10.0.0.11,192.168.1.83,22,318,10110,1.27,normal
2026-06-13 03:00:46,10.0.0.44,192.168.1.11,53,15363,16926,0.45,normal
2026-06-13 03:06:46,10.0.0.35,192.168.1.59,22,33125,41168,5.55,normal
2026-06-13 03:39:46,10.0.0.35,192.168.1.132,53,5108,4656,13.52,normal
2026-06-13 03:39:46,10.0.0.16,8.8.8.5,22,11949,30406,5.06,normal
2026-06-13 03:40:46,10.0.0.23,192.168.1.75,53,17264,178,15.61,normal
2026-06-13 03:43:46,10.0.0.15,192.168.1.94,22,6676,18106,0.53,normal
2026-06-13 03:52:46,10.0.0.14,192.168.1.79,53,1593,71771,0.72,normal
2026-06-13 03:55:46,10.0.0.14,192.168.1.50,22,11693,3612,13.94,normal
2026-06-13 04:09:46,10.0.0.42,192.168.1.83,53,9148,45979,10.45,normal
2026-06-13 04:34:46,10.0.0.40,192.168.1.15,22,16254,3973,0.86,normal
2026-06-13 04:36:46,10.0.0.18,192.168.1.163,22,176,41121,0.99,normal
2026-06-13 04:41:46,10.0.0.49,192.168.1.119,22,10225,25441,2.82,normal
2026-06-13 04:41:46,10.0.0.49,192.168.1.154,443,33756,82716,14.97,normal
2026-06-13 04:51:46,10.0.0.13,192.168.1.135,443,25985,10057,6.21,normal
2026-06-13 05:06:46,10.0.0.11,192.168.1.61,22,7795,16697,10.53,normal
2026-06-13 05:10:46,10.0.0.18,8.8.8.1,80,28222,42939,4.51,normal
2026-06-13 05:12:46,10.0.0.19,192.168.1.9,443,3546,33376,2.84,normal
2026-06-13 05:16:46,10.0.0.37,192.168.1.232,22,7606,2242,5.26,normal
2026-06-13 05:23:46,10.0.0.22,8.8.8.4,443,10505,15657,4.99,normal
2026-06-13 05:26:46,10.0.0.20,8.8.8.5,80,6205,39646,8.32,normal
2026-06-13 05:28:46,10.0.0.10,192.168.1.179,443,480,1001,1.43,normal
2026-06-13 05:29:46,10.0.0.47,8.8.8.2,22,3505,22913,0.85,normal
2026-06-13 05:52:46,10.0.0.39,192.168.1.64,22,28372,104602,3.62,normal
2026-06-13 05:53:46,10.0.0.21,8.8.8.1,53,27653,7497,2.54,normal
2026-06-13 06:17:46,10.0.0.50,8.8.8.8,53,26238,5668,3.48,normal
2026-06-13 06:25:46,10.0.0.47,8.8.8.6,80,8828,115811,5.04,normal
2026-06-13 07:06:46,10.0.0.18,192.168.1.80,443,7723,4831,5.12,normal
2026-06-13 07:08:46,10.0.0.23,192.168.1.28,53,20666,6071,1.75,normal
2026-06-13 07:14:46,10.0.0.48,192.168.1.169,22,16448,40050,3.4,normal
2026-06-13 07:18:46,10.0.0.46,192.168.1.206,22,1027,113856,1.48,normal
2026-06-13 07:24:46,10.0.0.37,192.168.1.181,80,2328,37146,16.79,normal
2026-06-13 07:31:46,10.0.0.21,192.168.1.227,80,1339,27245,2.4,normal
2026-06-13 07:40:46,10.0.0.16,192.168.1.204,80,3436,17670,2.29,normal
2026-06-13 07:58:46,10.0.0.21,192.168.1.152,53,12350,3311,11.14,normal
2026-06-13 08:11:46,10.0.0.35,192.168.1.44,80,2542,45693,0.56,normal
2026-06-13 08:30:46,10.0.0.28,192.168.1.80,22,11823,52872,4.08,normal
2026-06-13 08:49:46,10.0.0.33,8.8.8.8,53,22123,20724,8.04,normal
2026-06-13 08:56:46,10.0.0.38,192.168.1.7,53,42490,13957,3.46,normal
2026-06-13 09:02:46,10.0.0.49,192.168.1.97,80,697,118556,0.27,normal
2026-06-13 09:29:46,10.0.0.22,192.168.1.58,80,10946,138196,3.33,normal
2026-06-13 09:31:46,10.0.0.21,192.168.1.67,80,18245,97966,5.75,normal
2026-06-13 09:36:46,10.0.0.24,192.168.1.227,53,3751,86904,4.78,normal
2026-06-13 09:50:46,10.0.0.45,192.168.1.53,443,9043,2841,6.38,normal
2026-06-13 09:53:46,10.0.0.29,192.168.1.230,443,311,7360,0.45,normal
2026-06-13 10:14:46,10.0.0.16,192.168.1.210,22,12856,38212,12.11,normal
2026-06-13 10:21:46,10.0.0.38,192.168.1.68,80,25112,150823,7.12,normal
2026-06-13 10:42:46,10.0.0.50,8.8.8.4,443,6687,20395,9.37,normal
2026-06-13 10:59:46,10.0.0.11,192.168.1.8,22,14164,30772,0.22,normal
2026-06-13 11:01:46,10.0.0.26,8.8.8.3,53,30297,263240,1.2,normal
2026-06-13 11:02:46,10.0.0.19,192.168.1.163,443,2881,33189,1.4,normal
2026-06-13 11:16:46,10.0.0.31,192.168.1.167,80,8724,41318,0.44,normal
2026-06-13 11:19:46,10.0.0.27,192.168.1.104,80,12903,554,2.95,normal
2026-06-13 11:24:46,10.0.0.44,192.168.1.221,80,2236,151352,0.77,normal
2026-06-13 11:32:46,10.0.0.24,8.8.8.3,22,4954,50180,3.5,normal
2026-06-13 11:35:46,10.0.0.26,192.168.1.242,443,2180,19631,11.33,normal
2026-06-13 11:40:46,10.0.0.26,8.8.8.1,22,20346,75038,1.13,normal
2026-06-13 11:57:46,10.0.0.36,192.168.1.129,53,6600,44974,3.52,normal
2026-06-13 12:06:46,10.0.0.12,192.168.1.75,22,3241,150757,5.41,normal
2026-06-13 12:19:46,10.0.0.18,192.168.1.105,443,851,17207,1.4,normal
2026-06-13 12:23:46,10.0.0.17,192.168.1.202,80,7674,112265,4.94,normal
2026-06-13 12:24:46,10.0.0.43,192.168.1.94,80,7874,14604,6.02,normal
2026-06-13 12:28:46,10.0.0.14,8.8.8.3,80,10547,60627,8.1,normal
2026-06-13 12:31:46,10.0.0.38,192.168.1.53,53,11491,71503,1.57,normal
2026-06-13 12:32:46,10.0.0.20,192.168.1.96,80,22883,11579,1.28,normal
2026-06-13 12:42:46,10.0.0.15,192.168.1.232,443,1971,35014,7.34,normal
2026-06-13 12:45:46,10.0.0.15,192.168.1.5,22,369,50686,0.67,normal
2026-06-13 13:02:46,10.0.0.43,192.168.1.122,53,35727,164200,2.36,normal
2026-06-13 13:17:46,10.0.0.46,8.8.8.4,443,10399,13156,3.46,normal
2026-06-13 13:18:46,10.0.0.31,192.168.1.88,53,20293,30424,5.2,normal
2026-06-13 13:44:46,10.0.0.32,192.168.1.79,443,3928,32454,11.93,normal
2026-06-13 13:51:46,10.0.0.47,8.8.8.2,80,3837,38871,0.44,normal
2026-06-13 13:55:46,10.0.0.40,192.168.1.180,80,5628,1387,3.8,normal
2026-06-13 13:59:46,10.0.0.21,192.168.1.97,22,22009,155883,0.79,normal
2026-06-13 14:10:46,10.0.0.24,192.168.1.182,80,12570,81005,10.34,normal
2026-06-13 14:11:46,10.0.0.17,192.168.1.216,53,58768,41042,2.94,normal
2026-06-13 14:13:46,10.0.0.44,192.168.1.105,80,3695,25390,4.13,normal
2026-06-13 14:17:46,10.0.0.11,192.168.1.119,443,765,141428,0.47,normal
2026-06-13 14:29:46,10.0.0.42,192.168.1.44,53,441,116118,9.29,normal
2026-06-13 14:38:46,10.0.0.34,192.168.1.219,80,1296,20664,4.75,normal
2026-06-13 15:14:46,10.0.0.20,192.168.1.113,53,6254,26631,5.63,normal
2026-06-13 15:24:46,10.0.0.20,192.168.1.102,53,16319,16666,6.74,normal
2026-06-13 15:32:46,10.0.0.41,192.168.1.7,53,180,4569,11.43,normal
2026-06-13 15:38:46,10.0.0.26,8.8.8.3,443,15919,131086,5.57,normal
2026-06-13 15:51:46,10.0.0.30,192.168.1.172,22,4635,50125,6.61,normal
2026-06-13 15:54:46,10.0.0.49,192.168.1.198,53,13937,82310,1.08,normal
2026-06-13 15:54:46,10.0.0.30,192.168.1.208,22,30129,42699,15.08,normal
2026-06-13 16:28:46,10.0.0.50,192.168.1.217,443,3190,10693,2.06,normal
2026-06-13 16:33:46,10.0.0.35,8.8.8.8,22,7419,3387,9.78,normal
2026-06-13 16:33:46,10.0.0.32,192.168.1.208,80,354,18503,0.85,normal
2026-06-13 16:33:46,10.0.0.44,192.168.1.30,22,800,155282,14.85,normal
2026-06-13 16:43:46,10.0.0.25,192.168.1.198,53,5632,24351,22.1,normal
2026-06-13 16:47:46,10.0.0.23,8.8.8.3,443,7228,57107,6.79,normal
2026-06-13 16:47:46,10.0.0.30,192.168.1.163,80,5484,1014,3.64,normal
2026-06-13 16:53:46,10.0.0.14,8.8.8.8,80,6926,17996,1.55,normal
2026-06-13 16:57:46,10.0.0.48,8.8.8.2,53,9676,22271,5.67,normal
2026-06-13 17:13:46,10.0.0.40,192.168.1.171,443,20310,9849,3.03,normal
2026-06-13 17:27:46,10.0.0.20,192.168.1.166,443,23892,35468,2.87,normal
2026-06-13 17:40:46,10.0.0.46,8.8.8.8,53,16296,38835,1.94,normal
2026-06-13 17:43:46,10.0.0.44,192.168.1.160,22,8637,46761,0.93,normal
2026-06-13 17:49:46,10.0.0.24,192.168.1.23,22,3247,33555,4.99,normal
2026-06-13 18:15:46,10.0.0.35,8.8.8.6,443,1566,11383,20.63,normal
2026-06-13 18:24:46,10.0.0.44,8.8.8.5,22,1493,3373,2.15,normal
2026-06-13 18:27:46,10.0.0.12,8.8.8.5,443,6373,2997,0.16,normal
2026-06-13 18:31:46,10.0.0.21,192.168.1.175,53,10358,30747,2.56,normal
2026-06-13 18:44:46,10.0.0.19,192.168.1.136,80,10432,42389,2.36,normal
2026-06-13 18:49:46,10.0.0.20,192.168.1.221,80,5332,70537,1.53,normal
2026-06-13 19:04:46,10.0.0.30,8.8.8.7,53,1116,4492,4.91,normal
2026-06-13 19:31:46,10.0.0.35,192.168.1.139,22,17344,27659,1.71,normal
2026-06-13 19:33:46,10.0.0.50,192.168.1.166,80,166,3860,3.14,normal
2026-06-13 19:49:46,10.0.0.38,8.8.8.1,80,6588,45917,2.59,normal
2026-06-13 19:51:46,10.0.0.43,8.8.8.7,53,20565,81498,5.12,normal
2026-06-13 19:55:46,10.0.0.48,192.168.1.79,53,5591,35524,2.06,normal
2026-06-13 20:07:46,10.0.0.15,192.168.1.50,22,1452,175130,7.52,normal
2026-06-13 20:20:46,10.0.0.26,192.168.1.144,22,20096,8655,0.81,normal
2026-06-13 20:24:46,10.0.0.18,8.8.8.5,22,2321,71831,1.78,normal
2026-06-13 20:33:46,10.0.0.28,192.168.1.214,80,133,12373,6.27,normal
2026-06-13 20:34:46,10.0.0.34,192.168.1.223,443,6756,73672,2.05,normal
2026-06-13 20:38:46,10.0.0.26,8.8.8.6,53,56998,40632,40.96,normal
2026-06-13 20:52:46,10.0.0.44,8.8.8.8,53,20740,64462,4.84,normal
2026-06-13 20:53:46,10.0.0.34,192.168.1.166,80,10034,66146,4.98,normal
2026-06-13 21:18:46,10.0.0.49,192.168.1.27,22,16040,25306,5.13,normal
2026-06-13 21:21:46,10.0.0.41,192.168.1.244,22,27905,102576,5.39,normal
2026-06-13 21:23:46,10.0.0.48,8.8.8.3,22,307,8589,2.73,normal
2026-06-13 21:30:46,10.0.0.35,8.8.8.3,22,14724,10453,1.74,normal
2026-06-13 21:38:46,10.0.0.43,8.8.8.8,80,636,27216,8.74,normal
2026-06-13 21:40:46,10.0.0.33,8.8.8.3,80,7369,56689,16.65,normal
2026-06-13 22:01:46,10.0.0.25,192.168.1.13,80,28475,55317,2.29,normal
2026-06-13 22:03:46,10.0.0.42,192.168.1.57,53,3324,51584,9.17,normal
2026-06-13 22:08:46,10.0.0.27,8.8.8.5,22,8009,17058,0.37,normal
2026-06-13 22:10:46,10.0.0.16,8.8.8.3,80,31620,545,1.28,normal
2026-06-13 22:12:46,10.0.0.35,192.168.1.172,80,3305,16270,0.63,normal
2026-06-13 22:27:46,10.0.0.38,192.168.1.92,22,3456,22077,2.57,normal
2026-06-13 22:45:46,10.0.0.18,8.8.8.1,53,1746,8579,4.66,normal
2026-06-13 23:10:46,10.0.0.43,192.168.1.109,22,9503,1013,3.62,normal
2026-06-13 23:12:46,10.0.0.29,8.8.8.6,80,93,9233,6.18,normal
2026-06-13 23:18:46,10.0.0.18,8.8.8.5,80,22160,69410,1.18,normal
2026-06-13 23:27:46,10.0.0.44,192.168.1.51,80,2396,2663,3.05,normal
2026-06-13 23:38:46,10.0.0.43,8.8.8.2,22,18752,47644,7.36,normal
2026-06-13 23:41:46,10.0.0.19,192.168.1.186,53,8935,23626,10.06,normal
2026-06-13 23:47:46,10.0.0.45,192.168.1.218,80,10896,84453,1.64,normal
2026-06-14 00:01:46,10.0.0.16,192.168.1.45,53,31426,3672,5.45,normal
2026-06-14 00:26:46,10.0.0.48,192.168.1.246,443,19901,9977,6.44,normal
2026-06-14 00:30:46,10.0.0.32,192.168.1.250,53,2098,9664,5.51,normal
2026-06-14 00:34:46,10.0.0.23,192.168.1.195,53,1309,26473,7.8,normal
2026-06-14 00:35:46,10.0.0.13,192.168.1.98,53,3578,129212,6.08,normal
2026-06-14 00:35:46,10.0.0.21,192.168.1.150,80,16606,8045,1.28,normal
2026-06-14 00:47:46,10.0.0.24,192.168.1.181,22,23867,62693,2.75,normal
2026-06-14 00:52:46,10.0.0.12,192.168.1.103,443,3728,122647,7.89,normal
2026-06-14 00:54:46,10.0.0.34,8.8.8.1,80,9541,143401,2.99,normal
2026-06-14 00:57:46,10.0.0.21,8.8.8.8,53,2810,186322,0.16,normal
2026-06-14 01:04:46,10.0.0.20,192.168.1.218,80,19927,108718,1.29,normal
2026-06-14 01:22:46,10.0.0.28,192.168.1.178,53,4211,39079,2.53,normal
2026-06-14 01:27:46,10.0.0.13,8.8.8.7,443,7724,5183,1.22,normal
2026-06-14 01:31:46,10.0.0.47,192.168.1.124,80,20664,92336,2.91,normal
2026-06-14 01:37:46,10.0.0.33,192.168.1.97,53,729,74800,4.26,normal
2026-06-14 01:38:46,10.0.0.31,192.168.1.15,80,12569,4892,1.49,normal
2026-06-14 02:00:46,10.0.0.19,192.168.1.83,80,4350,6157,4.79,normal
2026-06-14 02:23:46,10.0.0.39,8.8.8.2,80,2820,161833,9.71,normal
2026-06-14 02:29:46,10.0.0.44,8.8.8.7,443,15208,30724,7.74,normal
2026-06-14 02:30:46,10.0.0.35,192.168.1.176,22,3194,87262,8.27,normal
2026-06-14 02:46:46,10.0.0.32,192.168.1.102,22,18732,59062,5.38,normal
2026-06-14 02:57:46,10.0.0.50,192.168.1.12,53,1414,16788,2.93,normal
2026-06-14 03:34:46,10.0.0.50,192.168.1.164,443,4434,3697,1.39,normal
2026-06-14 03:35:46,10.0.0.13,192.168.1.136,53,4634,26832,1.18,normal
2026-06-14 03:46:46,10.0.0.23,192.168.1.10,80,29006,66791,0.94,normal
2026-06-14 03:53:46,10.0.0.39,8.8.8.3,53,4738,23252,21.68,normal
2026-06-14 04:01:46,10.0.0.38,192.168.1.123,53,6950,4646,7.88,normal
2026-06-14 04:05:46,10.0.0.15,192.168.1.85,53,1910,1066,9.18,normal
2026-06-14 04:15:46,10.0.0.22,192.168.1.45,80,5829,4185,1.68,normal
2026-06-14 04:22:46,10.0.0.28,192.168.1.50,22,1488,1560,2.68,normal
2026-06-14 04:28:46,10.0.0.10,192.168.1.181,53,9227,36350,3.06,normal
2026-06-14 04:35:46,10.0.0.19,192.168.1.216,22,611,180840,3.8,normal
2026-06-14 05:03:46,10.0.0.31,192.168.1.227,22,909,57149,1.35,normal
2026-06-14 05:36:46,10.0.0.38,192.168.1.114,443,8024,168908,16.6,normal
2026-06-14 05:39:46,10.0.0.39,8.8.8.5,22,10333,1443,0.47,normal
2026-06-14 06:01:46,10.0.0.50,8.8.8.8,53,4004,69052,34.13,normal
2026-06-14 06:20:46,10.0.0.28,192.168.1.32,80,3658,3497,2.64,normal
2026-06-14 06:23:46,10.0.0.34,192.168.1.217,443,3252,40491,4.4,normal
2026-06-14 06:32:46,10.0.0.49,192.168.1.234,53,15859,16232,0.77,normal
2026-06-14 06:39:46,10.0.0.12,192.168.1.81,80,4833,25543,2.19,normal
2026-06-14 06:47:46,10.0.0.26,192.168.1.233,22,22492,53208,1.12,normal
2026-06-14 06:47:46,10.0.0.37,192.168.1.185,443,7409,48953,9.33,normal
2026-06-14 06:50:46,10.0.0.13,192.168.1.4,53,261,4387,1.64,normal
2026-06-14 07:06:46,10.0.0.38,192.168.1.202,22,3207,51741,2.44,normal
2026-06-14 07:16:46,10.0.0.36,192.168.1.238,80,7384,20649,1.03,normal
2026-06-14 07:16:46,10.0.0.48,192.168.1.152,22,2814,21968,11.18,normal
2026-06-14 07:25:46,10.0.0.14,192.168.1.106,53,3414,101575,2.45,normal
2026-06-14 07:31:46,10.0.0.11,192.168.1.229,22,6771,67770,1.19,normal
2026-06-14 07:32:46,10.0.0.39,192.168.1.110,22,4979,644,11.39,normal
2026-06-14 08:07:46,10.0.0.34,8.8.8.1,53,13644,2567,1.88,normal
2026-06-14 08:10:46,10.0.0.14,192.168.1.146,80,21498,53900,10.74,normal
2026-06-14 08:17:46,10.0.0.13,192.168.1.234,53,22692,19236,8.34,normal
2026-06-14 08:21:46,10.0.0.44,192.168.1.245,80,1112,1019,0.46,normal
2026-06-14 08:29:46,10.0.0.26,192.168.1.153,443,11027,169239,6.34,normal
2026-06-14 08:35:46,10.0.0.23,192.168.1.137,53,5652,39024,2.79,normal
2026-06-14 08:38:46,10.0.0.30,192.168.1.149,80,6004,13660,2.56,normal
2026-06-14 08:44:46,10.0.0.47,8.8.8.6,22,841,95359,5.85,normal
2026-06-14 08:52:46,10.0.0.43,192.168.1.163,443,12313,47181,5.74,normal
2026-06-14 08:53:46,10.0.0.50,192.168.1.117,443,37686,5967,2.49,normal
2026-06-14 09:04:46,10.0.0.40,8.8.8.4,80,3931,94307,1.36,normal
2026-06-14 09:25:46,10.0.0.44,192.168.1.120,443,24054,15072,0.27,normal
2026-06-14 09:33:46,10.0.0.31,8.8.8.7,22,6428,26637,4.63,normal
2026-06-14 09:33:46,10.0.0.33,192.168.1.252,22,2603,14548,0.92,normal
2026-06-14 09:37:46,10.0.0.24,192.168.1.187,22,10131,2418,4.88,normal
2026-06-14 09:42:46,10.0.0.41,192.168.1.156,80,142,5449,4.76,normal
2026-06-14 09:43:46,10.0.0.32,8.8.8.4,80,6050,210050,1.46,normal
2026-06-14 09:51:46,10.0.0.37,192.168.1.91,22,26227,3207,1.5,normal
2026-06-14 10:03:46,10.0.0.30,8.8.8.1,80,15642,53850,1.11,normal
2026-06-14 10:29:46,10.0.0.26,192.168.1.166,443,4138,192144,2.22,normal
2026-06-14 10:34:46,10.0.0.40,8.8.8.4,80,22545,80535,3.44,normal
2026-06-14 10:36:46,10.0.0.13,192.168.1.247,80,49410,7148,6.16,normal
2026-06-14 10:37:46,10.0.0.17,192.168.1.76,80,422,32039,1.16,normal
2026-06-14 10:39:46,10.0.0.21,192.168.1.37,53,6607,51506,4.54,normal
2026-06-14 10:56:46,10.0.0.16,192.168.1.186,53,1954,113637,1.78,normal
2026-06-14 10:58:46,10.0.0.15,192.168.1.130,443,10086,15012,4.0,normal
2026-06-14 11:11:46,10.0.0.28,192.168.1.60,53,1788,102801,1.52,normal
2026-06-14 11:11:46,10.0.0.13,192.168.1.70,53,5431,32925,0.16,normal
2026-06-14 11:13:46,10.0.0.25,8.8.8.5,443,50039,2397,12.7,normal
2026-06-14 11:25:46,10.0.0.17,192.168.1.115,443,18685,14418,8.83,normal
2026-06-14 11:28:46,10.0.0.45,192.168.1.2,22,1933,15993,3.83,normal
2026-06-14 12:00:46,10.0.0.22,45.79.12.18,22,44623438,11676,107.93,data_exfiltration
2026-06-14 12:02:46,10.0.0.22,45.79.12.18,22,44233247,11137,110.54,data_exfiltration
2026-06-14 12:04:46,10.0.0.22,45.79.12.18,22,45310372,10216,123.39,data_exfiltration
2026-06-14 12:06:46,10.0.0.22,45.79.12.18,22,55504106,11061,109.74,data_exfiltration
2026-06-14 12:08:46,10.0.0.22,45.79.12.18,22,51808305,11761,125.32,data_exfiltration
2026-06-14 12:09:46,10.0.0.22,192.168.1.198,22,13422,16980,1.19,normal
2026-06-14 12:11:46,10.0.0.22,192.168.1.149,53,4921,3784,0.54,normal
2026-06-14 12:15:46,10.0.0.46,192.168.1.37,443,10023,79291,11.23,normal
2026-06-14 12:21:46,10.0.0.30,8.8.8.3,443,19912,12314,6.78,normal
2026-06-14 12:28:46,10.0.0.25,192.168.1.177,22,1516,832,1.3,normal
2026-06-14 12:30:46,10.0.0.10,192.168.1.107,22,1868,67076,0.34,normal
2026-06-14 12:38:46,10.0.0.17,8.8.8.6,53,1662,18335,2.08,normal
2026-06-14 12:38:46,10.0.0.27,192.168.1.28,80,26532,26068,8.24,normal
2026-06-14 12:43:46,10.0.0.40,8.8.8.8,80,6284,178887,4.27,normal
2026-06-14 12:43:46,10.0.0.39,8.8.8.7,80,898,4532,6.22,normal
2026-06-14 13:02:46,10.0.0.32,192.168.1.232,443,13539,7807,9.08,normal
2026-06-14 13:16:46,10.0.0.21,192.168.1.7,53,9260,43764,19.65,normal
2026-06-14 13:23:46,10.0.0.39,8.8.8.7,443,21872,32053,5.17,normal
2026-06-14 13:43:46,10.0.0.32,192.168.1.136,22,39676,33125,3.21,normal
2026-06-14 13:48:46,10.0.0.12,8.8.8.2,53,17754,11660,5.37,normal
2026-06-14 13:50:46,10.0.0.43,192.168.1.223,22,850,59662,1.14,normal
2026-06-14 13:54:46,10.0.0.17,8.8.8.6,22,1559,101525,7.31,normal
2026-06-14 13:58:46,10.0.0.27,8.8.8.4,443,11282,56687,3.13,normal
2026-06-14 13:59:46,10.0.0.45,8.8.8.1,443,805,86359,6.14,normal
2026-06-14 14:22:46,10.0.0.28,192.168.1.37,80,9458,60238,7.65,normal
2026-06-14 14:25:46,10.0.0.22,192.168.1.43,22,2324,3566,11.7,normal
2026-06-14 14:43:46,10.0.0.47,192.168.1.34,22,12935,43283,0.65,normal
2026-06-14 14:48:46,10.0.0.23,8.8.8.5,53,18307,6757,21.05,normal
2026-06-14 15:01:46,10.0.0.44,192.168.1.60,22,8129,362,7.76,normal
2026-06-14 15:02:46,10.0.0.23,192.168.1.171,80,5639,63321,2.69,normal
2026-06-14 15:24:46,10.0.0.24,8.8.8.8,443,3983,65493,1.96,normal
2026-06-14 15:34:46,10.0.0.16,192.168.1.197,80,3950,79382,3.73,normal
2026-06-14 15:41:46,10.0.0.36,192.168.1.65,22,680,16308,12.78,normal
2026-06-14 15:43:46,10.0.0.48,192.168.1.147,80,23172,278183,2.07,normal
2026-06-14 15:50:46,10.0.0.36,8.8.8.6,443,3215,88327,2.56,normal
2026-06-14 15:52:46,10.0.0.19,8.8.8.5,53,4504,17478,6.16,normal
2026-06-14 16:12:46,10.0.0.19,8.8.8.1,22,5190,32784,7.39,normal
2026-06-14 16:14:46,10.0.0.37,192.168.1.123,443,1124,517,18.96,normal
2026-06-14 16:21:46,10.0.0.12,192.168.1.220,22,7664,8696,12.43,normal
2026-06-14 16:46:46,10.0.0.40,192.168.1.241,53,9251,17688,1.64,normal
2026-06-14 16:57:46,10.0.0.15,192.168.1.209,53,8889,68510,3.95,normal
2026-06-14 17:02:46,10.0.0.15,192.168.1.189,22,6051,10232,7.94,normal
2026-06-14 17:31:46,10.0.0.28,192.168.1.176,443,2788,7926,12.04,normal
2026-06-14 17:37:46,10.0.0.45,8.8.8.1,443,2836,64154,0.62,normal
2026-06-14 17:40:46,10.0.0.19,8.8.8.4,53,30461,2267,4.48,normal
2026-06-14 17:49:46,10.0.0.40,192.168.1.174,53,22043,43333,5.41,normal
2026-06-14 17:55:46,10.0.0.13,192.168.1.149,22,11073,50447,20.81,normal
2026-06-14 18:01:46,10.0.0.16,192.168.1.38,53,1504,69690,4.81,normal
2026-06-14 18:09:46,10.0.0.39,192.168.1.66,22,746,5086,4.4,normal
2026-06-14 18:18:46,10.0.0.32,192.168.1.228,443,7577,139999,10.49,normal
2026-06-14 18:29:46,10.0.0.31,192.168.1.65,80,28884,2111,22.08,normal
2026-06-14 18:30:46,10.0.0.31,192.168.1.169,22,423,14646,6.98,normal
2026-06-14 18:39:46,10.0.0.30,8.8.8.7,443,18197,48416,0.3,normal
2026-06-14 18:45:46,10.0.0.38,8.8.8.5,443,1297,6787,3.38,normal
2026-06-14 18:48:46,10.0.0.24,192.168.1.44,443,4542,45128,5.78,normal
2026-06-14 18:57:46,10.0.0.27,8.8.8.6,53,7364,60804,2.05,normal
2026-06-14 19:07:46,10.0.0.23,192.168.1.250,80,902,103506,5.04,normal
2026-06-14 19:10:46,10.0.0.21,192.168.1.121,53,2314,44386,10.83,normal
2026-06-14 19:15:46,10.0.0.32,192.168.1.111,22,4960,8819,0.26,normal
2026-06-14 19:30:46,10.0.0.42,192.168.1.183,53,936,63096,0.31,normal
2026-06-14 19:34:46,10.0.0.47,192.168.1.51,443,3888,49260,7.92,normal
2026-06-14 19:51:46,10.0.0.47,192.168.1.87,53,2778,5953,6.79,normal
2026-06-14 20:17:46,10.0.0.37,192.168.1.104,53,18848,3321,3.23,normal
2026-06-14 20:23:46,10.0.0.26,192.168.1.130,53,851,3116,3.55,normal
2026-06-14 20:29:46,10.0.0.42,192.168.1.136,53,20117,197584,4.41,normal
2026-06-14 20:35:46,10.0.0.31,192.168.1.193,53,2205,97984,3.6,normal
2026-06-14 20:37:46,10.0.0.43,192.168.1.157,22,3136,985,0.74,normal
2026-06-14 20:45:46,10.0.0.16,192.168.1.151,443,1568,9802,3.11,normal
2026-06-14 20:53:46,10.0.0.47,192.168.1.113,53,34058,165786,2.89,normal
2026-06-14 21:14:46,10.0.0.37,192.168.1.192,80,497,6662,4.4,normal
2026-06-14 21:14:46,10.0.0.44,8.8.8.8,53,452,32369,2.61,normal
2026-06-14 21:23:46,10.0.0.46,192.168.1.17,22,3676,18216,1.38,normal
2026-06-14 21:34:46,10.0.0.40,8.8.8.7,53,2787,79234,0.51,normal
2026-06-14 21:36:46,10.0.0.21,192.168.1.181,22,574,14993,5.16,normal
2026-06-14 21:45:46,10.0.0.29,8.8.8.5,22,9075,34435,2.58,normal
2026-06-14 22:14:46,10.0.0.37,192.168.1.181,80,5018,26704,4.6,normal
2026-06-14 22:21:46,10.0.0.34,8.8.8.6,53,1123,35356,12.62,normal
2026-06-14 22:21:46,10.0.0.41,192.168.1.53,80,4242,15852,0.4,normal
2026-06-14 22:53:46,10.0.0.46,192.168.1.196,22,11247,9977,0.97,normal
2026-06-14 23:11:46,10.0.0.34,192.168.1.190,443,19317,33991,1.1,normal
2026-06-14 23:13:46,10.0.0.36,192.168.1.122,22,761,23167,2.43,normal
2026-06-14 23:37:46,10.0.0.19,192.168.1.35,443,21573,131482,17.49,normal
2026-06-14 23:45:46,10.0.0.33,8.8.8.1,53,31768,23038,1.23,normal
2026-06-14 23:50:46,10.0.0.20,192.168.1.72,22,5794,45116,1.6,normal
2026-06-15 00:23:46,10.0.0.44,8.8.8.5,80,15638,4881,7.94,normal
2026-06-15 00:25:46,10.0.0.29,8.8.8.3,80,17563,19386,3.62,normal
2026-06-15 00:38:46,10.0.0.12,192.168.1.8,443,28648,76999,15.93,normal
2026-06-15 00:39:46,10.0.0.33,192.168.1.37,80,14424,104783,4.32,normal
2026-06-15 00:51:46,10.0.0.23,192.168.1.63,53,2540,10416,1.07,normal
2026-06-15 01:12:46,10.0.0.18,192.168.1.164,22,4010,55169,2.69,normal
2026-06-15 01:26:46,10.0.0.31,8.8.8.2,22,13843,10298,8.3,normal
2026-06-15 01:29:46,10.0.0.23,192.168.1.219,22,32923,90488,0.23,normal
2026-06-15 01:43:46,10.0.0.19,192.168.1.135,22,1919,3463,4.78,normal
2026-06-15 01:48:46,10.0.0.12,192.168.1.17,443,10189,53945,3.19,normal
2026-06-15 01:52:46,10.0.0.20,8.8.8.6,22,27562,59641,4.17,normal
2026-06-15 01:59:46,10.0.0.27,8.8.8.4,443,2427,271762,3.85,normal
2026-06-15 02:03:46,10.0.0.28,192.168.1.172,443,5688,19299,12.52,normal
2026-06-15 02:19:46,10.0.0.40,192.168.1.223,22,3459,25461,0.73,normal
2026-06-15 02:25:46,10.0.0.43,192.168.1.202,80,10805,25132,1.31,normal
2026-06-15 02:32:46,10.0.0.36,192.168.1.210,53,6959,48237,0.87,normal
2026-06-15 02:34:46,10.0.0.33,192.168.1.88,443,5738,25516,1.05,normal
2026-06-15 02:35:46,10.0.0.45,8.8.8.1,80,289,51457,0.6,normal
2026-06-15 02:51:46,10.0.0.45,8.8.8.4,80,28650,52540,1.42,normal
2026-06-15 02:53:46,10.0.0.36,192.168.1.38,443,14596,43919,0.44,normal
2026-06-15 02:57:46,10.0.0.43,192.168.1.51,80,16368,16439,2.32,normal
2026-06-15 03:01:46,10.0.0.37,8.8.8.7,22,3360,6387,8.52,normal
2026-06-15 03:13:46,10.0.0.16,192.168.1.169,22,18136,86227,3.94,normal
2026-06-15 03:14:46,10.0.0.46,8.8.8.1,443,41387,26425,1.7,normal
2026-06-15 03:16:46,10.0.0.47,192.168.1.241,80,3059,21270,5.71,normal
2026-06-15 03:25:46,10.0.0.43,192.168.1.125,22,17300,53968,2.51,normal
2026-06-15 03:29:46,10.0.0.13,8.8.8.8,443,11479,10110,1.1,normal
2026-06-15 03:41:46,10.0.0.30,192.168.1.119,53,6753,25798,3.94,normal
2026-06-15 03:45:46,10.0.0.37,8.8.8.4,53,361,14998,0.47,normal
2026-06-15 03:46:46,10.0.0.40,8.8.8.3,22,14209,8917,19.03,normal
2026-06-15 03:53:46,10.0.0.12,192.168.1.27,53,2518,45330,6.03,normal
2026-06-15 04:03:46,10.0.0.19,192.168.1.249,22,17986,29130,7.28,normal
2026-06-15 04:15:46,10.0.0.34,192.168.1.190,53,23500,21505,2.98,normal
2026-06-15 04:24:46,10.0.0.36,8.8.8.5,443,4770,4459,7.1,normal
2026-06-15 04:30:46,10.0.0.36,8.8.8.1,443,5853,47864,0.92,normal
2026-06-15 04:57:46,10.0.0.20,8.8.8.2,22,15416,61595,2.13,normal
2026-06-15 04:58:46,10.0.0.36,192.168.1.92,80,10447,182958,1.88,normal
2026-06-15 05:12:46,10.0.0.37,8.8.8.2,443,9600,18382,8.51,normal
2026-06-15 05:14:46,10.0.0.45,8.8.8.2,53,23059,1203,2.23,normal
2026-06-15 05:41:46,10.0.0.13,8.8.8.7,53,6180,33249,0.53,normal
2026-06-15 06:15:46,10.0.0.19,192.168.1.145,22,8095,25354,8.15,normal
2026-06-15 06:18:46,10.0.0.38,8.8.8.6,53,1978,123010,5.57,normal
2026-06-15 06:20:46,10.0.0.48,8.8.8.5,53,17319,95072,2.79,normal
2026-06-15 06:44:46,10.0.0.34,192.168.1.185,80,41829,138639,4.04,normal
2026-06-15 06:46:46,10.0.0.44,8.8.8.5,53,19570,302307,8.32,normal
2026-06-15 07:24:46,10.0.0.25,8.8.8.2,443,9308,58112,0.41,normal
2026-06-15 07:34:46,10.0.0.21,192.168.1.88,22,9795,181409,11.48,normal
2026-06-15 07:50:46,10.0.0.25,192.168.1.172,22,6760,55060,3.72,normal
2026-06-15 07:54:46,10.0.0.34,192.168.1.202,22,17078,6503,2.96,normal
2026-06-15 07:57:46,10.0.0.48,192.168.1.113,22,1584,6570,1.47,normal
2026-06-15 08:26:46,10.0.0.36,192.168.1.72,80,29967,64780,8.74,normal
2026-06-15 08:33:46,10.0.0.28,8.8.8.2,443,1072,47826,4.32,normal
2026-06-15 08:38:46,10.0.0.45,8.8.8.3,53,6195,195782,1.59,normal
2026-06-15 08:41:46,10.0.0.11,192.168.1.220,22,3475,102657,1.95,normal
2026-06-15 08:55:46,10.0.0.19,192.168.1.111,53,100,8865,5.55,normal
2026-06-15 09:00:46,10.0.0.43,192.168.1.48,53,140,22182,0.16,normal
2026-06-15 09:06:46,10.0.0.42,192.168.1.109,443,750,80661,3.76,normal
2026-06-15 09:23:46,10.0.0.30,192.168.1.110,22,2649,45522,2.57,normal
2026-06-15 09:25:46,10.0.0.10,8.8.8.8,53,8794,14691,0.18,normal
2026-06-15 09:26:46,10.0.0.35,192.168.1.227,53,13384,136283,2.86,normal
2026-06-15 10:01:46,10.0.0.44,192.168.1.250,80,10174,47687,11.37,normal
2026-06-15 10:14:46,10.0.0.29,8.8.8.3,22,12318,9238,4.9,normal
2026-06-15 10:23:46,10.0.0.39,192.168.1.197,80,16402,86675,9.22,normal
2026-06-15 10:31:46,10.0.0.20,8.8.8.4,22,15910,11358,0.85,normal
2026-06-15 10:34:46,10.0.0.25,8.8.8.6,53,11835,94688,5.48,normal
2026-06-15 10:38:46,10.0.0.47,192.168.1.38,443,10768,42102,9.56,normal
2026-06-15 10:39:46,10.0.0.29,192.168.1.75,53,8974,35600,4.01,normal
2026-06-15 10:40:46,10.0.0.21,192.168.1.182,443,6486,93049,5.55,normal
2026-06-15 10:50:46,10.0.0.30,8.8.8.1,22,174,31727,1.48,normal
2026-06-15 11:02:46,10.0.0.38,8.8.8.1,80,7651,26574,0.85,normal
2026-06-15 11:22:46,10.0.0.20,8.8.8.3,22,57730,34977,0.55,normal
2026-06-15 11:37:46,10.0.0.21,192.168.1.83,22,461,26582,1.48,normal
2026-06-15 11:38:46,10.0.0.42,192.168.1.32,443,744,69406,4.62,normal
2026-06-15 11:51:46,10.0.0.38,192.168.1.147,53,13607,9409,4.94,normal
2026-06-15 12:12:46,10.0.0.17,192.168.1.63,22,7231,5603,1.46,normal
2026-06-15 12:17:46,10.0.0.37,8.8.8.8,443,10154,24664,8.43,normal
2026-06-15 12:29:46,10.0.0.16,8.8.8.6,53,4764,25183,3.33,normal
2026-06-15 12:38:46,10.0.0.21,8.8.8.8,80,4781,31158,2.99,normal
2026-06-15 12:47:46,10.0.0.30,192.168.1.125,443,6737,52909,2.53,normal
2026-06-15 12:50:46,10.0.0.24,192.168.1.208,443,19288,29015,0.68,normal
2026-06-15 12:57:46,10.0.0.38,192.168.1.193,53,1226,29724,4.21,normal
2026-06-15 13:00:46,10.0.0.27,192.168.1.165,80,16631,53345,10.01,normal
2026-06-15 13:09:46,10.0.0.15,192.168.1.202,53,1077,57737,1.92,normal
2026-06-15 13:11:46,10.0.0.39,192.168.1.92,53,24043,38785,3.22,normal
2026-06-15 13:18:46,10.0.0.22,192.168.1.41,80,15421,111420,3.18,normal
2026-06-15 13:18:46,10.0.0.25,192.168.1.89,53,1562,55708,3.75,normal
2026-06-15 13:20:46,10.0.0.11,8.8.8.2,53,8805,163836,6.95,normal
2026-06-15 13:34:46,10.0.0.39,8.8.8.1,443,13899,7068,17.45,normal
2026-06-15 13:41:46,10.0.0.25,8.8.8.2,53,7171,285743,0.42,normal
2026-06-15 13:46:46,10.0.0.32,192.168.1.187,22,9617,13360,10.96,normal
2026-06-15 13:58:46,10.0.0.32,8.8.8.2,53,7238,17470,4.34,normal
2026-06-15 14:03:46,10.0.0.38,192.168.1.51,53,14884,36586,1.84,normal
2026-06-15 14:22:46,10.0.0.12,192.168.1.230,22,37185,51317,2.22,normal
2026-06-15 14:48:46,10.0.0.21,192.168.1.216,443,7226,12941,0.18,normal
2026-06-15 15:20:46,10.0.0.46,8.8.8.2,53,1154,50689,1.02,normal
2026-06-15 15:34:46,10.0.0.40,192.168.1.224,443,82,48425,6.05,normal
2026-06-15 15:36:46,10.0.0.19,192.168.1.253,22,5386,6598,1.69,normal
2026-06-15 15:36:46,10.0.0.47,192.168.1.19,22,21916,21709,3.01,normal
2026-06-15 15:39:46,10.0.0.22,192.168.1.54,53,2655,31759,1.28,normal
2026-06-15 15:54:46,10.0.0.10,192.168.1.230,443,7934,3314,5.36,normal
2026-06-15 16:08:46,10.0.0.36,192.168.1.70,443,2589,54490,17.13,normal
2026-06-15 16:20:46,10.0.0.35,8.8.8.5,53,19362,11701,2.11,normal
2026-06-15 16:25:46,10.0.0.16,8.8.8.2,80,12498,87528,1.05,normal
2026-06-15 16:38:46,10.0.0.32,192.168.1.215,53,9053,56931,11.16,normal
2026-06-15 16:51:46,10.0.0.44,192.168.1.240,80,2564,36717,0.66,normal
2026-06-15 16:56:46,10.0.0.39,8.8.8.6,22,26223,38921,24.55,normal
2026-06-15 16:58:46,10.0.0.31,8.8.8.6,80,901,3212,6.68,normal
2026-06-15 17:04:46,10.0.0.46,192.168.1.203,80,22358,38854,1.13,normal
2026-06-15 17:20:46,10.0.0.36,192.168.1.70,443,8747,233875,4.52,normal
2026-06-15 17:20:46,10.0.0.15,192.168.1.242,22,8503,1642,10.26,normal
2026-06-15 17:26:46,10.0.0.14,192.168.1.167,22,7830,5175,6.18,normal
2026-06-15 17:30:46,10.0.0.25,8.8.8.7,443,32272,36950,14.49,normal
2026-06-15 17:44:46,10.0.0.24,192.168.1.124,80,13278,73432,8.89,normal
2026-06-15 18:17:46,10.0.0.23,192.168.1.21,22,10104,3778,3.63,normal
2026-06-15 18:37:46,10.0.0.32,192.168.1.192,443,39759,42245,6.32,normal
2026-06-15 18:41:46,10.0.0.33,192.168.1.30,443,7772,91762,1.98,normal
2026-06-15 18:59:46,10.0.0.21,192.168.1.217,22,1238,25462,20.29,normal
2026-06-15 19:00:46,10.0.0.17,192.168.1.189,80,3537,24414,9.69,normal
2026-06-15 19:10:46,10.0.0.50,192.168.1.139,22,765,32246,7.97,normal
2026-06-15 19:11:46,10.0.0.19,8.8.8.8,443,4500,45041,3.72,normal
2026-06-15 19:14:46,10.0.0.35,192.168.1.24,443,1269,47259,1.49,normal
2026-06-15 19:17:46,10.0.0.11,192.168.1.15,22,4478,52280,4.73,normal
2026-06-15 19:26:46,10.0.0.15,192.168.1.216,443,33078,711,1.37,normal
2026-06-15 19:46:46,10.0.0.28,192.168.1.8,53,10534,81687,19.95,normal
2026-06-15 19:54:46,10.0.0.18,192.168.1.164,53,370,137709,6.23,normal
2026-06-15 20:05:46,10.0.0.29,192.168.1.82,53,26949,41735,10.38,normal
2026-06-15 20:27:46,10.0.0.16,192.168.1.77,443,11746,56529,13.46,normal
2026-06-15 20:36:46,10.0.0.47,8.8.8.8,22,18367,115240,2.75,normal
2026-06-15 20:55:46,10.0.0.25,8.8.8.4,22,3014,164843,4.29,normal
2026-06-15 21:02:46,10.0.0.14,192.168.1.82,80,9787,198736,0.48,normal
2026-06-15 21:14:46,10.0.0.34,192.168.1.67,443,4861,11613,5.0,normal
2026-06-15 21:16:46,10.0.0.23,192.168.1.107,80,10595,23084,0.26,normal
2026-06-15 21:24:46,10.0.0.18,8.8.8.8,80,14279,5507,6.37,normal
2026-06-15 21:28:46,10.0.0.43,192.168.1.215,443,194,67045,1.85,normal
2026-06-15 21:43:46,10.0.0.40,192.168.1.168,443,7655,2760,3.38,normal
2026-06-15 21:51:46,10.0.0.49,192.168.1.111,80,30163,60723,7.26,normal
2026-06-15 21:57:46,10.0.0.42,192.168.1.36,22,967,138297,2.33,normal
2026-06-15 22:01:46,10.0.0.42,8.8.8.4,22,512,19776,1.19,normal
2026-06-15 22:35:46,10.0.0.13,8.8.8.2,53,32526,24772,1.8,normal
2026-06-15 22:37:46,10.0.0.47,192.168.1.191,80,8117,39112,0.94,normal
2026-06-15 22:47:46,10.0.0.27,192.168.1.78,80,24123,23785,2.94,normal
2026-06-15 22:58:46,10.0.0.46,192.168.1.64,53,14356,10495,7.63,normal
2026-06-15 23:11:46,10.0.0.21,192.168.1.204,443,9067,24073,0.92,normal
2026-06-15 23:34:46,10.0.0.14,192.168.1.182,22,6519,34511,7.68,normal
2026-06-15 23:37:46,10.0.0.46,192.168.1.188,53,13013,240341,1.52,normal
2026-06-15 23:58:46,10.0.0.37,192.168.1.225,80,14700,53826,7.1,normal
2026-06-16 00:10:46,10.0.0.15,8.8.8.4,80,15283,61777,8.85,normal
2026-06-16 00:18:46,10.0.0.29,192.168.1.41,443,8693,28967,10.19,normal
2026-06-16 00:27:46,10.0.0.40,192.168.1.96,443,520,2179,0.72,normal
2026-06-16 00:36:46,10.0.0.29,192.168.1.87,22,10158,122357,0.15,normal
2026-06-16 00:36:46,10.0.0.19,192.168.1.196,80,14869,39850,8.26,normal
2026-06-16 00:44:46,10.0.0.29,192.168.1.14,22,128,49937,0.9,normal
2026-06-16 00:50:46,10.0.0.24,8.8.8.7,443,3348,39220,2.31,normal
2026-06-16 00:59:46,10.0.0.49,8.8.8.2,80,20162,46054,0.4,normal
2026-06-16 01:04:46,10.0.0.31,192.168.1.23,443,10429,16937,11.0,normal
2026-06-16 01:05:46,10.0.0.34,192.168.1.240,53,1163,76222,1.87,normal
2026-06-16 01:06:46,10.0.0.41,192.168.1.177,22,9963,105070,6.07,normal
2026-06-16 01:20:46,10.0.0.17,192.168.1.54,443,9802,4560,1.32,normal
2026-06-16 01:22:46,10.0.0.20,192.168.1.131,80,512,1436,10.15,normal
2026-06-16 01:44:46,10.0.0.15,192.168.1.185,22,4704,54286,4.12,normal
2026-06-16 01:48:46,10.0.0.39,8.8.8.7,443,56137,23067,10.56,normal
2026-06-16 01:53:46,10.0.0.40,192.168.1.212,53,6131,48496,11.15,normal
2026-06-16 01:53:46,10.0.0.44,192.168.1.202,443,18063,208131,0.85,normal
2026-06-16 02:04:46,10.0.0.32,192.168.1.85,53,36197,71308,0.9,normal
2026-06-16 02:10:46,10.0.0.38,192.168.1.150,80,7376,11563,7.17,normal
2026-06-16 02:22:46,10.0.0.40,8.8.8.7,22,43990,2146,2.42,normal
2026-06-16 02:31:46,10.0.0.41,8.8.8.1,443,15429,11236,3.14,normal
2026-06-16 02:45:46,10.0.0.39,192.168.1.19,80,2536,21679,2.04,normal
2026-06-16 02:47:46,10.0.0.50,192.168.1.172,80,2663,12083,11.33,normal
2026-06-16 02:55:46,10.0.0.28,8.8.8.6,22,150,64367,1.56,normal
2026-06-16 03:09:46,10.0.0.20,192.168.1.134,22,9848,100014,4.24,normal
2026-06-16 03:15:46,10.0.0.11,192.168.1.205,53,10626,13702,1.08,normal
2026-06-16 03:55:46,10.0.0.16,192.168.1.7,22,6034,69180,2.24,normal
2026-06-16 03:55:46,10.0.0.12,8.8.8.2,443,1456,1753,5.02,normal
2026-06-16 03:58:46,10.0.0.36,192.168.1.3,443,17268,5962,2.19,normal
2026-06-16 04:12:46,10.0.0.17,8.8.8.3,80,8883,9296,3.11,normal
2026-06-16 04:13:46,10.0.0.14,8.8.8.2,443,2821,215959,0.65,normal
2026-06-16 04:44:46,10.0.0.26,8.8.8.2,80,107,19721,4.03,normal
2026-06-16 04:58:46,10.0.0.29,192.168.1.201,53,7206,2499,0.1,normal
2026-06-16 05:09:46,10.0.0.15,8.8.8.6,22,7981,85094,11.36,normal
2026-06-16 05:26:46,10.0.0.28,192.168.1.127,22,2646,50405,13.13,normal
2026-06-16 05:40:46,10.0.0.47,8.8.8.6,22,3861,9385,9.62,normal
2026-06-16 05:42:46,10.0.0.11,8.8.8.8,80,1812,114511,0.54,normal
2026-06-16 05:44:46,10.0.0.40,192.168.1.75,80,3918,10421,9.12,normal
2026-06-16 05:48:46,10.0.0.41,192.168.1.112,443,8281,104737,4.11,normal
2026-06-16 05:54:46,10.0.0.32,8.8.8.3,53,5277,3514,2.72,normal
2026-06-16 05:59:46,10.0.0.38,192.168.1.191,443,58967,1624,8.21,normal
2026-06-16 06:07:46,10.0.0.41,192.168.1.114,22,1659,26875,16.33,normal
2026-06-16 06:12:46,10.0.0.13,8.8.8.3,80,17667,20514,3.51,normal
2026-06-16 06:13:46,10.0.0.32,8.8.8.5,443,2469,1683,6.69,normal
2026-06-16 06:24:46,10.0.0.21,192.168.1.6,22,10760,32059,1.29,normal
2026-06-16 06:29:46,10.0.0.24,8.8.8.2,53,10792,95150,8.08,normal
2026-06-16 06:40:46,10.0.0.22,192.168.1.109,22,29181,94947,1.01,normal
2026-06-16 06:41:46,10.0.0.20,192.168.1.212,53,451,80424,5.96,normal
2026-06-16 06:55:46,10.0.0.42,8.8.8.7,53,3239,36598,9.01,normal
2026-06-16 06:56:46,10.0.0.38,192.168.1.171,22,1052,28092,6.63,normal
2026-06-16 07:15:46,10.0.0.39,192.168.1.219,80,4074,32992,17.89,normal
2026-06-16 07:16:46,10.0.0.37,192.168.1.30,80,5141,2915,4.57,normal
2026-06-16 07:23:46,10.0.0.24,192.168.1.118,443,6573,1398,3.76,normal
2026-06-16 07:37:46,10.0.0.10,192.168.1.4,53,231,164686,8.27,normal
2026-06-16 08:09:46,10.0.0.16,192.168.1.111,443,20042,39654,3.18,normal
2026-06-16 08:22:46,10.0.0.29,8.8.8.6,80,13550,59803,10.59,normal
2026-06-16 08:46:46,10.0.0.50,192.168.1.33,80,16288,332,2.14,normal
2026-06-16 08:59:46,10.0.0.16,8.8.8.7,22,5478,123264,3.55,normal
2026-06-16 09:08:46,10.0.0.50,192.168.1.238,443,26138,1065,5.03,normal
2026-06-16 09:10:46,10.0.0.39,192.168.1.2,80,26599,82644,0.98,normal
2026-06-16 09:11:46,10.0.0.37,8.8.8.2,80,64104,135337,6.75,normal
2026-06-16 09:12:46,10.0.0.20,192.168.1.252,22,4359,3079,7.66,normal
2026-06-16 09:15:46,10.0.0.28,192.168.1.12,80,13440,40511,15.59,normal
2026-06-16 09:23:46,10.0.0.43,192.168.1.155,53,21456,81480,0.54,normal
2026-06-16 09:31:46,10.0.0.38,192.168.1.220,443,1438,14916,1.42,normal
2026-06-16 09:42:46,10.0.0.14,8.8.8.3,53,7318,376,1.26,normal
2026-06-16 09:44:46,10.0.0.24,192.168.1.55,22,4131,68132,0.79,normal
2026-06-16 10:04:46,10.0.0.15,192.168.1.168,80,9292,14175,0.53,normal
2026-06-16 10:14:46,10.0.0.18,192.168.1.111,443,22001,35066,0.76,normal
2026-06-16 10:15:46,10.0.0.40,192.168.1.216,53,580,35239,17.16,normal
2026-06-16 10:19:46,10.0.0.22,192.168.1.97,443,11923,98449,1.82,normal
2026-06-16 10:30:46,10.0.0.35,8.8.8.7,53,26520,21020,13.27,normal
2026-06-16 10:33:46,10.0.0.45,192.168.1.68,53,4697,25016,7.26,normal
2026-06-16 10:36:46,10.0.0.18,192.168.1.179,53,4898,2088,16.72,normal
2026-06-16 10:37:46,10.0.0.22,192.168.1.79,443,5834,47250,7.0,normal
2026-06-16 10:42:46,10.0.0.35,192.168.1.83,53,10668,11138,1.58,normal
2026-06-16 10:47:46,10.0.0.17,192.168.1.121,22,4528,4902,4.56,normal
2026-06-16 10:56:46,10.0.0.30,192.168.1.235,80,29471,213538,8.48,normal
2026-06-16 10:58:46,10.0.0.50,192.168.1.29,443,7625,138019,0.39,normal
2026-06-16 11:01:46,10.0.0.29,8.8.8.1,80,13817,35030,1.89,normal
2026-06-16 11:12:46,10.0.0.18,8.8.8.8,53,7284,8898,6.69,normal
2026-06-16 11:26:46,10.0.0.49,192.168.1.88,80,4203,64606,6.06,normal
2026-06-16 11:42:46,10.0.0.28,192.168.1.127,53,23625,10994,16.35,normal
2026-06-16 11:44:46,10.0.0.30,8.8.8.7,443,9595,74601,0.75,normal
2026-06-16 11:48:46,10.0.0.20,192.168.1.250,22,13773,52538,2.07,normal
2026-06-16 12:11:46,10.0.0.18,192.168.1.250,22,14296,29968,1.69,normal
2026-06-16 12:12:46,10.0.0.15,192.168.1.121,22,586,27232,13.91,normal
2026-06-16 12:12:46,10.0.0.38,8.8.8.6,80,10806,1473,6.39,normal
2026-06-16 12:34:46,10.0.0.22,8.8.8.3,443,8154,63605,3.55,normal
2026-06-16 12:37:46,10.0.0.32,192.168.1.235,22,23709,16310,9.83,normal
2026-06-16 12:43:46,10.0.0.26,8.8.8.2,22,13983,81328,7.72,normal
2026-06-16 12:51:46,10.0.0.28,192.168.1.23,53,1413,25415,9.47,normal
2026-06-16 12:56:46,10.0.0.31,192.168.1.43,80,16663,100997,8.39,normal
2026-06-16 13:00:46,10.0.0.36,192.168.1.87,22,5467,135050,4.85,normal
2026-06-16 13:02:46,10.0.0.11,8.8.8.3,80,17782,25407,9.78,normal
2026-06-16 13:15:46,10.0.0.31,192.168.1.250,53,5320,53335,7.33,normal
2026-06-16 13:16:46,10.0.0.35,8.8.8.3,80,10476,114254,0.14,normal
2026-06-16 13:17:46,10.0.0.47,192.168.1.143,53,26575,88880,2.25,normal
2026-06-16 13:21:46,10.0.0.20,192.168.1.74,80,5033,84904,10.59,normal
2026-06-16 13:33:46,10.0.0.42,192.168.1.146,22,583,1712,2.29,normal
2026-06-16 14:00:46,10.0.0.16,192.168.1.239,443,9824,71937,7.33,normal
2026-06-16 14:07:46,10.0.0.41,8.8.8.2,22,9037,43485,3.95,normal
2026-06-16 14:30:46,10.0.0.13,8.8.8.1,80,5678,19159,3.74,normal
2026-06-16 14:32:46,10.0.0.42,8.8.8.2,443,1694,18778,7.87,normal
2026-06-16 14:34:46,10.0.0.13,192.168.1.94,443,447,1934,1.35,normal
2026-06-16 14:35:46,10.0.0.23,192.168.1.115,22,12504,13641,1.37,normal
2026-06-16 14:46:46,10.0.0.49,192.168.1.221,80,21278,48929,25.56,normal
2026-06-16 14:57:46,10.0.0.43,192.168.1.87,80,1164,53569,3.54,normal
2026-06-16 14:59:46,10.0.0.37,192.168.1.147,53,543,22418,5.27,normal
2026-06-16 15:20:46,10.0.0.41,192.168.1.82,443,18916,27563,6.87,normal
2026-06-16 15:24:46,10.0.0.17,8.8.8.8,53,3683,4319,7.9,normal
2026-06-16 15:49:46,10.0.0.41,192.168.1.120,443,12867,16578,1.19,normal
2026-06-16 16:11:46,10.0.0.16,8.8.8.2,80,2522,1970,0.14,normal
2026-06-16 16:17:46,10.0.0.34,192.168.1.192,443,34885,37122,4.14,normal
2026-06-16 16:18:46,10.0.0.10,192.168.1.133,443,346,87482,10.37,normal
2026-06-16 16:37:46,10.0.0.37,192.168.1.147,53,15608,29667,1.93,normal
2026-06-16 16:48:46,10.0.0.20,8.8.8.8,53,24618,6364,0.19,normal
2026-06-16 16:52:46,10.0.0.34,8.8.8.1,80,3575,41882,6.45,normal
2026-06-16 17:12:46,10.0.0.49,192.168.1.61,22,2677,55820,1.35,normal
2026-06-16 17:13:46,10.0.0.36,192.168.1.83,22,20054,83905,0.39,normal
2026-06-16 17:16:46,10.0.0.43,8.8.8.2,80,19696,26211,2.34,normal
2026-06-16 17:20:46,10.0.0.49,8.8.8.7,22,1334,4103,1.41,normal
2026-06-16 17:35:46,10.0.0.14,192.168.1.59,22,14753,82393,0.19,normal
2026-06-16 17:35:46,10.0.0.16,192.168.1.55,22,50,27041,7.35,normal
2026-06-16 17:37:46,10.0.0.49,192.168.1.35,80,2799,10734,5.44,normal
2026-06-16 17:37:46,10.0.0.38,8.8.8.1,22,5127,38644,2.13,normal
2026-06-16 17:39:46,10.0.0.30,8.8.8.8,22,6240,568,0.97,normal
2026-06-16 17:40:46,10.0.0.11,8.8.8.5,443,20444,36677,12.78,normal
2026-06-16 17:41:46,10.0.0.16,192.168.1.44,53,1559,36624,23.15,normal
2026-06-16 17:45:46,10.0.0.43,192.168.1.83,80,12325,3337,1.72,normal
2026-06-16 18:28:46,10.0.0.17,192.168.1.242,80,9187,6204,9.0,normal
2026-06-16 18:28:46,10.0.0.26,192.168.1.42,53,12756,110581,3.85,normal
2026-06-16 18:37:46,10.0.0.44,192.168.1.221,22,42888,59993,18.42,normal
2026-06-16 18:47:46,10.0.0.15,192.168.1.199,53,2393,23099,3.16,normal
2026-06-16 18:52:46,10.0.0.37,8.8.8.4,22,15979,14515,5.68,normal
2026-06-16 18:54:46,10.0.0.41,8.8.8.7,80,11790,59823,3.57,normal
2026-06-16 18:58:46,10.0.0.49,192.168.1.89,443,1923,55327,1.59,normal
2026-06-16 19:00:46,10.0.0.14,192.168.1.157,22,7843,61832,0.37,normal
2026-06-16 19:01:46,10.0.0.17,8.8.8.4,443,7393,95688,7.5,normal
2026-06-16 19:09:46,10.0.0.14,8.8.8.7,53,21043,15535,0.58,normal
2026-06-16 19:11:46,10.0.0.22,192.168.1.190,443,835,151330,0.5,normal
2026-06-16 19:16:46,10.0.0.37,192.168.1.138,80,13632,67054,4.9,normal
2026-06-16 19:28:46,10.0.0.13,8.8.8.2,80,806,25881,0.36,normal
2026-06-16 19:34:46,10.0.0.18,8.8.8.8,80,28921,32243,17.81,normal
2026-06-16 19:43:46,10.0.0.24,192.168.1.15,443,234,10993,15.66,normal
2026-06-16 20:15:46,10.0.0.30,192.168.1.94,22,16285,162207,9.21,normal
2026-06-16 20:20:46,10.0.0.15,192.168.1.223,22,10078,151310,0.32,normal
2026-06-16 20:21:46,10.0.0.14,192.168.1.222,443,10164,71690,10.43,normal
2026-06-16 20:29:46,10.0.0.40,192.168.1.163,22,13243,26019,2.13,normal
2026-06-16 20:41:46,10.0.0.25,8.8.8.8,443,12054,23070,0.56,normal
2026-06-16 20:45:46,10.0.0.13,8.8.8.3,22,7393,7808,4.12,normal
2026-06-16 20:50:46,10.0.0.38,8.8.8.8,22,6925,48196,5.85,normal
2026-06-16 20:54:46,10.0.0.23,192.168.1.213,80,2512,149847,5.79,normal
2026-06-16 20:56:46,10.0.0.19,192.168.1.152,53,6122,55194,6.21,normal
2026-06-16 21:01:46,10.0.0.23,192.168.1.45,22,2718,12494,2.58,normal
2026-06-16 21:07:46,10.0.0.11,192.168.1.162,53,4217,133606,7.59,normal
2026-06-16 21:18:46,10.0.0.24,192.168.1.231,53,4169,143256,0.74,normal
2026-06-16 21:25:46,10.0.0.19,8.8.8.2,443,4579,35100,1.26,normal
